"ID","Z_DGwin_SEM_striatum","Z_DGwin_BS_SD3min2_with_DA","Z_DGwin_TaskSD_avg_Yeo1_Vis_32change","Z_DGwin_TaskSD_avg_Yeo3_DAN_32change","Z_DGwin_TaskSD_avg_Yeo6_FPN_32change","Z_DGwin_TaskSD_avg_Yeo7_DMN_32change","Z_DGwin_PCAdimTEMP_BGHATMorel_32change","Z_DGwin_PCAdimTEMP_Yeo1_Vis_32change","Z_DGwin_PCAdimTEMP_Yeo3_DAN_32change","Z_DGwin_PCAdimTEMP_Yeo6_FPN_32change","Z_DGwin_PCAdimTEMP_Yeo7_DMN_32change","Z_DGwin_HDDMwBias_a_3min2back","Z_DGwin_HDDMwBias_v_3min2back","Z_DGwin_HDDMwBias_t_3min2back","Z_DGwin_HDDMwBias_z_3min2back","Z_DGwin_HDDMwBias_dc_3min2back","DGwin_TaskSD_avg_BGHATMorel_2back","DGwin_TaskSD_avg_BGHATMorel_3back","DGwin_TaskSD_avg_Yeo1_Vis_2back","DGwin_TaskSD_avg_Yeo1_Vis_3back","DGwin_TaskSD_avg_Yeo3_DAN_2back","DGwin_TaskSD_avg_Yeo3_DAN_3back","DGwin_TaskSD_avg_Yeo6_FPN_2back","DGwin_TaskSD_avg_Yeo6_FPN_3back","DGwin_TaskSD_avg_Yeo7_DMN_2back","DGwin_TaskSD_avg_Yeo7_DMN_3back","DGwin_PCAdimTEMP_BGHATMorel_2back","DGwin_PCAdimTEMP_BGHATMorel_3back","DGwin_PCAdimTEMP_Yeo1_Vis_2back","DGwin_PCAdimTEMP_Yeo1_Vis_3back","DGwin_PCAdimTEMP_Yeo3_DAN_2back","DGwin_PCAdimTEMP_Yeo3_DAN_3back","DGwin_PCAdimTEMP_Yeo6_FPN_2back","DGwin_PCAdimTEMP_Yeo6_FPN_3back","DGwin_PCAdimTEMP_Yeo7_DMN_2back","DGwin_PCAdimTEMP_Yeo7_DMN_3back","DGwin_HDDMwBias_a_2back","DGwin_HDDMwBias_a_3back","DGwin_HDDMwBias_v_2back","DGwin_HDDMwBias_v_3back","DGwin_HDDMwBias_t_2back","DGwin_HDDMwBias_t_3back","DGwin_HDDMwBias_z_2back","DGwin_HDDMwBias_z_3back","DGwin_HDDMwBias_dc_2back","DGwin_HDDMwBias_dc_3back","meanRT2","meanRT3","meanRT3min2","sdRT2","sdRT3","sdRT3min2","accuracy2","accuracy3","accuracy3min2","WAISscoren.o.correct","eduy","agewave1","WM","Speed"
1,-0.159091654313349,-0.028657189,0.34959111656812,-0.332445747491286,-0.249085804893154,-0.040221847747144,1.44768883699439,0.396373239036523,-0.227003053400633,-0.0865968056805348,-0.133056825182685,1.80051586946157,-0.968002830887206,-0.860190951895662,-0.8769403145725,-0.354099606195905,0.18,0.17,0.34,0.35,0.33,0.31,0.25,0.23,0.24,0.23,19,21,18,19,17,17,19,19,20,20,1.63,1.71,1.57,0.91,0.53,0.47,0.62,0.55,-0.49,-0.49,0.921,1.037,0.116,0.273648407994875,0.247627818183307,-0.0260205898115682,0.88135593220339,0.777777777777778,-0.103578154425612,35,9,67,52.46,56.54
3,-0.217502116766559,-0.062947154,-0.0215079336764558,-1.07160703712617,-0.981270653711958,-0.291470650112866,1.44768883699439,0.396373239036523,0.449555066538508,1.29895208520802,0.644813845116088,-1.24968320264879,0.294336306748358,1.9803629390927,-0.125841923428511,0.389586198992631,0.22,0.2,0.56,0.54,0.41,0.35,0.37,0.32,0.3,0.28,18,20,10,11,12,13,13,15,17,18,1.76,1.5,1.22,0.89,0.28,0.46,0.51,0.48,-0.3,-0.22,0.825,0.861,0.036,0.28159179166396,0.267926333566858,-0.0136654580971023,0.865671641791045,0.737704918032787,-0.127966723758258,36,14,67,53.45,47.17
6,-0.743196278845452,-0.04546167,-0.922748484270425,-0.93721407537437,-0.485274465802446,-1.24063279238337,-0.213056092991627,0.396373239036523,1.12611318647765,0.606177639763744,1.42268451541486,-0.97917625129955,-1.21061455703939,0.428799889393173,0.900659211134942,-0.354099606195905,0.22,0.21,0.63,0.56,0.44,0.38,0.37,0.34,0.38,0.33,20,20,8,9,10,10,13,14,15,17,1.63,1.4,1.73,0.99,0.53,0.58,0.58,0.59,-0.15,-0.15,0.887,0.869,-0.018,0.171367263014258,0.18770618014582,0.0163389171315618,0.901408450704225,0.75,-0.151408450704225,24,10,68,46.44,41.39
7,-0.100681191860139,-0.0033800437,0.31424834987816,0.227524926474533,0.530336776107508,0.601858424965255,-1.04342855798463,-0.406943192077497,-0.227003053400633,-0.779371251124813,-0.910927495481457,-0.382195393149511,-1.5934861873733,-0.609553843867278,0.0494143678384203,-1.52786876860191,0.2,0.2,0.55,0.56,0.36,0.36,0.32,0.34,0.31,0.32,21,20,14,14,16,16,19,18,20,19,1.58,1.43,1.59,0.77,0.46,0.41,0.55,0.52,-0.45,-0.57,0.8165,0.747,-0.0695,0.219521144583511,0.292260301128667,0.0727391565451564,0.885714285714286,0.683333333333333,-0.202380952380952,42,18,67,46.81,56.87
8,-0.567964891485821,0.19456798,0.667676016777756,0.877090908274882,2.44346492947277,2.58393231029484,-1.87380102297764,-0.406943192077497,-0.903561173339774,-1.47214569656909,-2.466668836079,1.27815761858029,0.828840265927381,-0.693099546543406,-0.501391119000505,1.59023557122472,0.25,0.31,0.5,0.52,0.4,0.43,0.43,0.46,0.4,0.47,20,18,14,14,16,15,17,15,18,15,1.45,1.48,1.35,1.16,0.41,0.37,0.63,0.59,-0.69,-0.47,0.746,0.74,-0.00600000000000001,0.208310972599528,0.236012122269013,0.0277011496694849,0.833333333333333,0.819672131147541,-0.0136612021857924,51,16,67,53.21,68.42
9,0.425012970218754,0.068872571,0.667676016777756,0.518709676936758,0.695668838744012,0.797274160138594,-1.04342855798463,-1.21025962319152,-0.227003053400633,-0.779371251124813,-0.910927495481457,0.615881979070087,1.06007956741618,0.357189287099349,0.224670659105351,-1.03506492179023,0.13,0.16,0.29,0.32,0.21,0.22,0.21,0.24,0.2,0.22,23,22,16,15,17,17,18,17,19,18,1.48,1.44,0.83,0.7,0.56,0.6,0.59,0.57,-0.23,-0.31,0.971,0.997,0.026,0.234328697120116,0.223912287304683,-0.0104164098154323,0.706896551724138,0.68421052631579,-0.0226860254083484,27,16,67,40,39.29
10,1.06752805720407,-0.091853432,-0.622334967405768,-1.04920821016753,-1.3355536450759,-0.877717855632882,0.617316372001379,0.396373239036523,0.449555066538508,0.606177639763744,0.644813845116088,1.16622370767715,1.67798130746001,-0.323111434691981,-1.40270918837329,2.45040228565966,0.22,0.19,0.46,0.41,0.43,0.37,0.39,0.33,0.32,0.28,19,20,12,13,13,14,15,16,16,17,1.46,1.48,2.03,1.9,0.43,0.41,0.69,0.6,-0.62,-0.28,0.689,0.643,-0.046,0.1605228814271,0.171010542759115,0.0104876613320146,0.916666666666667,0.968253968253968,0.0515873015873016,42,18,67,55.79,48.29
13,-1.38571136583076,-0.034716304,0.897404000262493,0.160328445598634,0.317766981289146,0.127277353830004,-0.213056092991627,-2.01357605430554,-0.903561173339774,-2.16492014201337,-0.133056825182685,-0.16765539725184,-1.62760346136345,0.202032982129397,-0.576500958114904,-0.0494572281668662,0.16,0.15,0.4,0.43,0.23,0.22,0.31,0.31,0.22,0.22,21,21,10,8,17,16,14,12,18,18,1.64,1.51,2.24,1.39,0.5,0.52,0.59,0.54,-0.36,-0.32,0.799,0.885,0.086,0.190751992745603,0.212487766347754,0.021735773602151,0.971830985915493,0.864406779661017,-0.107424206254476,48,10,68,58.47,47.73
14,1.59322221928296,0.013092577,0.29657696653318,0.429114369102227,-0.0365160100747918,0.294776555407151,-1.04342855798463,-0.406943192077497,-0.903561173339774,-0.0865968056805348,-0.910927495481457,-0.00908235680573602,0.764396526168208,0.166227680982484,0.80051275898241,0.308945569514356,0.15,0.15,0.44,0.44,0.27,0.28,0.26,0.25,0.23,0.23,22,21,11,11,13,12,14,14,17,16,1.67,1.55,1.19,0.99,0.46,0.49,0.51,0.51,-0.42,-0.34,0.947,0.9685,0.0215,0.297715232391788,0.265488401243762,-0.0322268311480263,0.838709677419355,0.796296296296296,-0.0424133811230586,33,12,67,55.51,58.32
15,-0.27591257921977,-0.013309328,0.650004633432776,0.182727272557267,0.105197186470783,0.238943488214769,-0.213056092991627,-1.21025962319152,-0.227003053400633,-0.779371251124813,-0.133056825182685,-0.428834522692482,-1.36603769410563,1.08523041041989,1.42642808493573,-1.25906667034099,0.19,0.19,0.5,0.52,0.32,0.31,0.31,0.31,0.27,0.27,19,19,10,9,14,14,16,15,17,17,1.65,1.49,1.89,1.11,0.36,0.46,0.56,0.59,-0.39,-0.48,0.66,0.8335,0.1735,0.235199460979427,0.273914609977858,0.0387151489984314,0.942028985507246,0.8,-0.142028985507246,43,14,67,51.89,62.99
16,-2.49551015244176,-0.080138601,-0.410278367266011,-0.310046920532653,-0.319942403165942,-0.486886385286204,0.617316372001379,0.396373239036523,-0.227003053400633,0.606177639763744,-0.133056825182685,-0.344884089515133,-1.32433880367322,-0.299241233927373,-0.62657418419117,0.0222233313693782,0.19,0.16,0.4,0.36,0.26,0.24,0.23,0.21,0.24,0.21,20,21,15,16,17,17,18,19,20,20,1.61,1.45,1.52,0.76,0.54,0.53,0.54,0.49,-0.36,-0.32,0.9365,0.945,0.00849999999999995,0.210933030640714,0.257785976439997,0.0468529457992828,0.867647058823529,0.68421052631579,-0.18343653250774,23,10,67,47.5,37.82
17,-2.49551015244176,-0.053988896,-0.852062950890506,-0.422041055325817,-0.792319724984525,-0.626469053267161,-1.04342855798463,1.19968967015054,1.12611318647765,-0.0865968056805348,-0.133056825182685,-0.158327571343246,-0.516896652572996,0.166227680982484,-0.977086766725032,-0.219698557065447,0.19,0.17,0.32,0.26,0.25,0.22,0.3,0.26,0.24,0.21,23,22,17,19,18,20,18,18,21,21,1.75,1.61,1.52,0.97,0.47,0.5,0.62,0.56,-0.29,-0.27,0.972,1.0265,0.0545,0.233711921028157,0.229186977376358,-0.00452494365179959,0.903225806451613,0.793103448275862,-0.110122358175751,24,15,67,49.09,41.61
18,1.94368499400222,-0.00021288078,0.0668489830484431,0.45151319606086,0.45948017783472,0.294776555407151,-1.04342855798463,-0.406943192077497,-0.227003053400633,-0.779371251124813,-0.910927495481457,0.0562124245544246,1.00321744409926,0.965879406596855,0.500073402524814,0.353745919224508,0.16,0.16,0.27,0.26,0.16,0.17,0.17,0.18,0.18,0.19,22,21,18,18,22,22,21,21,22,22,1.74,1.62,1.34,1.19,0.54,0.63,0.61,0.6,-0.28,-0.19,1.006,1.104,0.0980000000000001,0.246468906472852,0.224453519549853,-0.0220153869229987,0.868852459016393,0.849056603773585,-0.0197958552428085,21,11,67,49.49,33.95
19,0.600244357578385,0.19456798,2.69988510145043,2.6689970649655,2.44346492947277,2.58393231029484,-1.87380102297764,-2.01357605430554,-2.25667741321805,-2.16492014201337,-2.466668836079,0.289408072269284,0.0630970052595612,0.261708484040917,-0.0757686973522446,-2.11027331483389,0.25,0.31,0.53,0.67,0.42,0.49,0.38,0.46,0.41,0.47,19,16,15,12,16,12,18,13,19,14,1.6,1.51,1.12,0.73,0.2,0.23,0.48,0.45,-0.4,-0.59,0.6155,0.631,0.0155000000000001,0.319450623134653,0.310302945575428,-0.00914767755922513,0.757142857142857,0.639344262295082,-0.117798594847775,33,18,68,51.01,39.81
21,0.191371120405913,0.14960572,0.208220049808281,0.921888562192147,1.12080842838074,1.07643949610051,-1.04342855798463,1.19968967015054,-0.227003053400633,-0.779371251124813,-0.910927495481457,-1.61346841308397,-0.861860200695627,-0.0844094270459002,-0.0507320843141117,0.810709486268066,0.17,0.21,0.41,0.41,0.28,0.31,0.27,0.31,0.25,0.28,21,20,15,17,18,18,19,18,20,19,1.94,1.64,1.89,1.24,0.39,0.39,0.64,0.61,-0.5,-0.37,0.855,0.8495,-0.00550000000000006,0.224436968622853,0.237285120154537,0.0128481515316846,0.953846153846154,0.857142857142857,-0.0967032967032968,40,7,68,56.95,40.96
22,-2.26186830262892,-0.059916951,-0.198221767126254,-0.377243401408551,-0.886795189348242,-0.375220250901439,-0.213056092991627,0.396373239036523,-0.227003053400633,0.606177639763744,-0.133056825182685,0.653193282704464,-1.99531185881285,-0.621488944249582,0.650293080753612,-0.739382613703218,0.22,0.21,0.31,0.29,0.32,0.29,0.32,0.27,0.28,0.26,18,18,17,18,16,16,16,17,18,18,1.57,1.53,1.47,0.53,0.47,0.43,0.62,0.62,-0.53,-0.57,0.83,0.9115,0.0815,0.245104316049209,0.244233274499773,-0.00087104154943618,0.869565217391304,0.633333333333333,-0.236231884057971,32,10,68,46.72,44.26
24,0.191371120405913,0.035855554,0.278905583188201,0.0707331377641034,0.176053784743571,0.881023760927168,0.617316372001379,-0.406943192077497,-0.903561173339774,-0.0865968056805348,-0.910927495481457,1.04496197086543,-0.8580693924745,-0.502137940426541,-0.175915149504777,0.765909136557913,0.2,0.21,0.46,0.46,0.31,0.3,0.32,0.32,0.3,0.33,20,21,15,15,19,18,20,20,21,20,1.61,1.61,1.52,0.89,0.51,0.48,0.59,0.56,-0.53,-0.41,0.881,0.98,0.099,0.221716143003799,0.262330077117111,0.0406139341133118,0.882352941176471,0.745454545454546,-0.136898395721925,42,17,67,51.37,43.89
25,-1.44412182828397,-0.059573479,-0.304250067196132,-0.265249266615388,-0.319942403165942,-0.291470650112866,1.44768883699439,1.19968967015054,0.449555066538508,0.606177639763744,1.42268451541486,0.653193282704464,-0.641993323870214,-0.549878341955757,1.37635485885947,-1.39346771947145,0.19,0.17,0.39,0.36,0.26,0.23,0.28,0.26,0.27,0.25,18,20,13,15,16,17,16,17,18,20,1.58,1.53,1.56,0.98,0.52,0.49,0.56,0.59,-0.35,-0.46,0.8765,0.954,0.0774999999999999,0.214121395590654,0.200268351529133,-0.0138530440615213,0.885714285714286,0.76271186440678,-0.123002421307506,41,7,66,32.53,44.83
27,0.833886207391226,0.10362667,0.950418150297432,0.563507330854024,1.00271409792609,1.1043560296967,-0.213056092991627,-0.406943192077497,-0.227003053400633,-0.779371251124813,-0.133056825182685,0.438653286806794,-0.433498871708184,-0.406657137368109,0.475036789486681,0.102863960847653,0.25,0.28,0.51,0.55,0.36,0.38,0.34,0.37,0.37,0.4,19,19,14,14,17,17,19,18,19,19,1.61,1.54,1.49,0.97,0.41,0.38,0.61,0.6,-0.7,-0.65,0.779,0.842,0.0629999999999999,0.24634887017908,0.232663137795148,-0.0136857323839321,0.871428571428571,0.746031746031746,-0.125396825396825,37,17,67,59.18,48.27
29,-0.39273350412619,-0.10559353,-2.42481606859371,-1.34039296062976,-1.02850838589382,-1.01730052361384,0.617316372001379,2.00300610126456,1.12611318647765,1.29895208520802,1.42268451541486,-0.447490174509671,-0.221213611325026,-0.0486041258989881,0.775476145944277,-0.542261074978546,0.19,0.16,0.46,0.31,0.29,0.21,0.27,0.22,0.23,0.19,20,21,10,13,16,18,17,19,18,20,1.6,1.44,1.07,0.61,0.21,0.22,0.48,0.46,-0.38,-0.39,0.652,0.608,-0.044,0.304091229716801,0.30561422078832,0.00152299107151926,0.803030303030303,0.625,-0.178030303030303,38,17,65,49.28,34.17
30,0.833886207391226,0.086089805,0.844389850227554,1.59385337095113,1.97108760765419,1.32768829846623,-1.04342855798463,-1.21025962319152,-1.58011929327891,-1.47214569656909,-1.68879816578023,-0.848586688579229,-0.615457666322319,0.667501897039254,-0.62657418419117,-0.828983313123524,0.21,0.24,0.35,0.39,0.29,0.35,0.35,0.43,0.29,0.33,20,19,16,15,17,15,16,14,19,17,1.69,1.47,1.76,1.18,0.4,0.46,0.62,0.57,-0.58,-0.62,0.778,0.839,0.0609999999999999,0.198690548226259,0.171481944755269,-0.0272086034709898,0.928571428571429,0.786885245901639,-0.141686182669789,52,19,66,56.32,54.3
32,-0.976838128658293,-0.21164744,-1.94768871827925,-2.4603343085614,-2.634591280077,-2.35729413623102,2.27806130198739,0.396373239036523,1.80267130641679,1.9917265306523,1.42268451541486,-0.699341474041719,-1.4304814338648,0.452670090157781,1.4013914718976,-0.0852975079349883,0.3,0.23,0.62,0.5,0.5,0.35,0.49,0.44,0.45,0.41,17,21,13,14,14,17,14,17,16,18,1.57,1.37,1.4,0.61,0.49,0.54,0.55,0.58,-0.59,-0.56,0.874,0.9135,0.0395,0.198824524910259,0.183520755760262,-0.0153037691499977,0.847222222222222,0.629032258064516,-0.218189964157706,43,23,66,60.1,55
34,-0.743196278845452,0.00095588685,-0.604663584060789,-0.153255131822224,-0.0365160100747918,-0.403136784497631,1.44768883699439,1.19968967015054,0.449555066538508,-0.0865968056805348,1.42268451541486,-0.148999745434652,-0.463825337477206,-0.526008141191149,0.0243777548002873,1.16911228394929,0.22,0.22,0.45,0.4,0.37,0.35,0.36,0.35,0.32,0.3,18,20,12,14,12,13,14,14,15,17,1.86,1.73,1.68,1.14,0.56,0.53,0.6,0.57,-0.3,-0.13,1.003,1.076,0.0730000000000002,0.310964700105235,0.287100453738774,-0.0238642463664602,0.876923076923077,0.867924528301887,-0.00899854862119009,32,18,66,37.14,37.89
35,0.483423432671964,-0.035211664,0.29657696653318,0.249923753433165,0.152434918652641,0.0435277530414299,-0.213056092991627,0.396373239036523,-0.227003053400633,-0.779371251124813,0.644813845116088,0.587898501344303,-0.865651008916755,-0.251500832398157,0.349853724296016,-0.649781914282913,0.18,0.17,0.35,0.36,0.25,0.25,0.27,0.27,0.25,0.24,22,22,15,16,19,19,20,19,20,21,1.71,1.66,1.9,1.25,0.45,0.43,0.58,0.57,-0.52,-0.55,0.817,0.864,0.047,0.231697354557884,0.28791698484795,0.0562196302900654,0.942028985507246,0.836065573770492,-0.105963411736755,26,18,67,55.57,55.73
38,1.2427594445637,-0.041885804,-0.304250067196132,-1.31799413367113,-0.745081992802666,-0.375220250901439,1.44768883699439,-0.406943192077497,0.449555066538508,-0.0865968056805348,-0.133056825182685,1.43673065902639,-1.22198698170277,-1.14663336107096,1.5516111501264,0.00430319148531709,0.23,0.22,0.46,0.43,0.42,0.35,0.35,0.31,0.27,0.25,19,21,12,12,10,11,13,13,17,17,1.52,1.57,2.26,1.53,0.5,0.42,0.54,0.57,-0.68,-0.64,0.7835,0.785,0.00149999999999995,0.1593607142482,0.197023181764446,0.0376624675162457,0.930555555555556,0.873015873015873,-0.0575396825396826,40,16,66,62.33,50.18
40,-0.860017203751872,0.074026041,1.30384581719703,0.832293254357616,1.26252162492631,0.573941891369064,-0.213056092991627,-0.406943192077497,-0.227003053400633,-0.0865968056805348,-0.133056825182685,-0.438162348601077,0.84779430703302,0.011071376012532,-0.351171440771708,-0.945464222369921,0.24,0.26,0.61,0.67,0.33,0.36,0.38,0.42,0.38,0.4,18,18,10,10,14,14,16,16,17,17,1.67,1.51,1,0.81,0.2,0.18,0.54,0.5,-0.33,-0.4,0.656,0.64,-0.016,0.378235039853288,0.352255470740579,-0.0259795691127096,0.725806451612903,0.714285714285714,-0.0115207373271889,46,13,67,48.87,56.76
41,-1.0352485911115,-0.1148948,-1.32919030120496,-1.40758944150566,-1.24107818071218,-1.32438239317194,0.617316372001379,1.19968967015054,1.80267130641679,1.9917265306523,1.42268451541486,-0.438162348601077,0.84779430703302,0.011071376012532,-0.351171440771708,-0.945464222369921,0.2,0.16,0.44,0.35,0.33,0.25,0.34,0.28,0.28,0.23,20,21,12,14,15,18,14,17,17,19,1.55,1.68,0.76,0.91,0.32,0.25,0.55,0.51,-0.28,-0.16,0.781,0.855,0.074,0.302286842838942,0.310596860569965,0.00831001773102297,0.672727272727273,0.8,0.127272727272727,39,18,66,54.86,48.61
43,0.717065282484805,-0.15310372,-0.339592833886092,-0.870017594498472,-1.83154983298541,-1.88271306509577,0.617316372001379,-1.21025962319152,-0.227003053400633,-0.779371251124813,0.644813845116088,-0.960520599482361,-2.38576510558901,-1.24211416412939,-1.37767257533516,-0.479540585384332,0.22,0.16,0.54,0.51,0.28,0.23,0.38,0.29,0.33,0.26,20,21,8,7,14,14,15,14,15,16,1.78,1.56,1.87,0.81,0.56,0.46,0.6,0.51,-0.5,-0.51,0.958,0.983,0.025,0.212466372646453,0.211984747879024,-0.000481624767428912,0.927536231884058,0.704918032786885,-0.222618199097173,51,15,66,55.34,68.2
45,1.30116990701691,-0.065484859,-0.551649434025849,-1.00441055625027,-0.910414055439171,-0.766051721248117,1.44768883699439,0.396373239036523,0.449555066538508,1.29895208520802,1.42268451541486,0.354702853629444,-0.657156556754725,-0.549878341955757,0.424963563410415,-0.327219396369813,0.17,0.15,0.3,0.25,0.28,0.23,0.31,0.26,0.26,0.22,21,23,18,19,18,19,17,19,18,20,1.67,1.59,1.39,0.81,0.56,0.52,0.6,0.58,-0.56,-0.55,1.0135,1.0865,0.073,0.21618752631002,0.257598181377512,0.0414106550674922,0.867647058823529,0.724137931034483,-0.143509127789047,31,13,66,47.89,47.58
46,-1.96981599036287,-0.0041934354,-0.799048800855566,0.339519061267696,0.365004713471004,0.211026954618578,-0.213056092991627,0.396373239036523,-0.903561173339774,-0.0865968056805348,-0.910927495481457,1.20353501131153,1.26099240313595,-0.526008141191149,-0.476354505962372,0.506067108239028,0.15,0.15,0.43,0.38,0.28,0.29,0.24,0.25,0.2,0.2,22,22,9,10,14,13,15,15,18,17,1.53,1.55,1.84,1.77,0.45,0.42,0.65,0.6,-0.58,-0.48,0.721,0.739,0.018,0.208987234320955,0.16529963819089,-0.0436875961300655,0.91304347826087,0.919354838709677,0.00631136044880787,35,11,65,56.44,52.55
49,0.425012970218754,0.015739901,1.99302976765124,0.361917888226329,-0.249085804893154,-0.375220250901439,-0.213056092991627,-0.406943192077497,-0.903561173339774,-0.0865968056805348,0.644813845116088,0.0935237281888021,0.874329964580915,-0.0486041258989881,0.55014662860108,1.73359669029721,0.26,0.26,0.67,0.67,0.5,0.49,0.45,0.44,0.45,0.45,19,19,14,14,16,15,18,18,17,18,1.5,1.4,2.31,1.9,0.45,0.45,0.64,0.64,-0.44,-0.21,0.6885,0.669,-0.0195,0.142988606498628,0.12995406451423,-0.0130345419843981,0.930555555555556,0.936507936507937,0.00595238095238093,31,9,65,58.07,47.72
50,0.541833895125174,0.003664413,-0.233564533816213,-0.0412609970290603,0.530336776107508,0.294776555407151,-0.213056092991627,0.396373239036523,-0.903561173339774,-0.0865968056805348,-0.133056825182685,-2.13582666396525,0.370152471170915,1.53876422494745,-1.55292886660209,0.138704240615775,0.23,0.23,0.27,0.24,0.26,0.25,0.39,0.4,0.32,0.32,20,20,20,21,21,20,19,19,21,21,1.98,1.58,1.78,1.46,0.38,0.52,0.59,0.5,-0.44,-0.38,0.915,0.944,0.0289999999999999,0.24777559681456,0.231537615617718,-0.0162379811968426,0.971428571428571,0.88135593220339,-0.0900726392251816,42,16,65,57.68,68.75
51,1.00911759475086,-0.10969708,-0.869734334235485,-1.00441055625027,-1.47726684162147,-1.35229892676813,0.617316372001379,1.19968967015054,0.449555066538508,1.29895208520802,0.644813845116088,-0.820603210853446,-0.308402200410965,0.440734989775477,0.0744509808765533,1.90383801919579,0.23,0.2,0.54,0.48,0.33,0.27,0.35,0.28,0.32,0.26,20,21,12,14,16,17,15,17,17,18,1.73,1.52,1.78,1.28,0.46,0.5,0.52,0.5,-0.63,-0.37,0.857,0.8825,0.0255000000000001,0.219064864162387,0.25080337809383,0.0317385139314432,0.916666666666667,0.8,-0.116666666666667,40,16,65,56.27,47.62
52,0.833886207391226,0.024807602,0.756032933502655,-0.108457477904959,-0.272704670984083,-0.0681383813433352,-1.87380102297764,-1.21025962319152,-0.227003053400633,-0.779371251124813,-0.910927495481457,1.23151848903731,-0.357682707285627,-1.37340026833474,1.90212373266026,-1.1157055512685,0.17,0.18,0.4,0.42,0.25,0.23,0.31,0.29,0.27,0.26,22,20,14,13,18,18,19,18,20,19,1.61,1.64,1.78,1.27,0.7,0.59,0.5,0.56,-0.48,-0.56,1.047,1.013,-0.034,0.207623376203533,0.233687367911972,0.0260639917084392,0.923076923076923,0.849056603773585,-0.0740203193033382,45,13,66,55.12,63.12
53,0.658654820031595,-0.032644879,0.490962183327958,-0.175653958780857,-1.00488951980289,-0.458969851690013,-1.04342855798463,-0.406943192077497,-0.227003053400633,-0.0865968056805348,0.644813845116088,-0.876570166305012,1.32543614289513,-0.191825330486637,-1.45278241444956,0.801749416326036,0.23,0.22,0.4,0.42,0.34,0.32,0.34,0.29,0.31,0.29,20,19,16,16,17,17,17,17,18,19,1.58,1.37,1.17,1.11,0.32,0.31,0.57,0.48,-0.57,-0.44,0.765,0.65,-0.115,0.253401621722017,0.195892652714717,-0.0575089690072997,0.816901408450704,0.761904761904762,-0.0549966465459424,49,15,65,60.3,62.03
56,-0.567964891485821,0.0040800478,0.278905583188201,-0.466838709243082,-0.249085804893154,-0.0681383813433352,-0.213056092991627,0.396373239036523,0.449555066538508,-0.0865968056805348,0.644813845116088,-1.18438842128863,0.851585115254148,0.65556679665695,1.30124501974507,-0.327219396369813,0.22,0.23,0.56,0.56,0.39,0.35,0.37,0.36,0.31,0.31,20,20,7,8,13,14,16,16,16,17,1.51,1.27,1.73,1.54,0.56,0.63,0.52,0.54,-0.52,-0.52,0.872,0.872,0,0.188668359262679,0.1402482284158,-0.0484201308468785,0.884057971014493,0.838709677419355,-0.0453482935951379,32,18,65,60.71,64.62
57,0.541833895125174,0.075367525,0.685347400122736,0.94428738915078,1.35699708929003,0.601858424965255,-1.04342855798463,-1.21025962319152,-0.903561173339774,-1.47214569656909,-1.68879816578023,-1.38027276536911,0.116168320355351,1.04942510927298,-1.0271599928013,-0.255538836833569,0.16,0.18,0.34,0.36,0.29,0.32,0.25,0.3,0.23,0.25,22,21,15,14,14,13,18,16,20,18,1.83,1.55,1.74,1.35,0.41,0.51,0.62,0.55,-0.53,-0.51,0.842,0.918,0.0760000000000001,0.247340530500298,0.220504125494897,-0.0268364050054012,0.929577464788732,0.854545454545455,-0.0750320102432779,43,21,65,58.43,61.12
58,-0.0422707294069285,-0.0255327,-0.0921934670563749,-0.198052785739489,0.0579594542889248,0.294776555407151,-0.213056092991627,1.19968967015054,0.449555066538508,0.606177639763744,-0.133056825182685,-2.13582666396525,-1.29780314612533,1.71779073068201,-0.150878536466644,-0.828983313123524,0.16,0.15,0.32,0.3,0.21,0.19,0.2,0.2,0.18,0.19,22,22,14,16,19,20,20,21,21,21,1.98,1.48,1.52,0.75,0.49,0.64,0.62,0.59,-0.41,-0.46,1.0305,1.0475,0.0169999999999999,0.342662727955449,0.276981045546147,-0.0656816824093022,0.910714285714286,0.66,-0.250714285714286,33,17,64,43.71,31.96
59,1.00911759475086,0.00096595153,0.34959111656812,-0.0860586509463258,-0.343561269256871,-0.486886385286204,-0.213056092991627,0.396373239036523,0.449555066538508,-0.0865968056805348,0.644813845116088,-0.540768433595615,0.912238046792193,1.21651651462524,-0.826867088496234,-0.882743732775707,0.17,0.16,0.49,0.5,0.28,0.26,0.25,0.23,0.26,0.23,22,22,10,11,15,16,18,18,19,20,1.62,1.44,0.86,0.7,0.36,0.47,0.55,0.49,-0.39,-0.44,0.88,0.843,-0.037,0.266324761082001,0.267103090963369,0.000778329881368556,0.738461538461539,0.639344262295082,-0.0991172761664565,27,15,64,55.11,45.09
60,0.717065282484805,-0.0050962847,0.137534516428362,-0.153255131822224,0.0107217221070664,-0.59855251967097,-0.213056092991627,-0.406943192077497,-0.227003053400633,-0.0865968056805348,-0.133056825182685,0.681176760430247,1.21171189626129,0.237838283276309,-1.50285564052582,0.326865709398417,0.21,0.21,0.38,0.37,0.33,0.31,0.3,0.29,0.29,0.27,21,21,16,16,15,15,15,15,18,18,1.63,1.59,1.13,1.05,0.39,0.42,0.6,0.51,-0.47,-0.39,0.9035,0.899,-0.00449999999999995,0.251379105704709,0.26050519527817,0.00912608957346117,0.794117647058824,0.807017543859649,0.0128998968008256,43,11,64,58.85,54.27
61,0.132960657952702,0.08959797,2.69988510145043,2.19862169883421,1.97108760765419,2.58393231029484,-1.04342855798463,-2.01357605430554,-2.25667741321805,-2.16492014201337,-0.133056825182685,-1.26833885446598,-0.808788885599838,0.930074105449942,1.57664776316453,-0.667702054166974,0.19,0.22,0.4,0.54,0.26,0.35,0.29,0.37,0.29,0.37,20,19,13,11,17,14,17,14,15,15,1.75,1.48,1.98,1.34,0.4,0.49,0.49,0.53,-0.36,-0.39,0.7395,0.7985,0.0589999999999999,0.212021247034473,0.261341068121396,0.049319821086923,0.958333333333333,0.854838709677419,-0.103494623655914,36,13,65,54.14,52.2
63,-0.0422707294069285,-0.03481169,-0.127536233746335,0.115530791681369,0.0343405881979956,-0.040221847747144,0.617316372001379,-0.406943192077497,-0.227003053400633,-0.779371251124813,-0.133056825182685,-1.09111016220268,-0.89218666646465,-0.394722036985805,0.174597433029085,-0.757302753587279,0.18,0.17,0.37,0.35,0.23,0.22,0.25,0.24,0.24,0.24,20,21,16,16,19,19,19,18,19,19,1.8,1.56,1.35,0.71,0.35,0.33,0.53,0.51,-0.35,-0.39,0.8995,0.839,-0.0605,0.290568458436411,0.32328583342681,0.0327173749903984,0.844827586206897,0.692307692307692,-0.152519893899204,32,12,65,43.53,42.17
64,1.2427594445637,0.081244856,0.243562816498241,1.61625219790976,1.78213667892675,1.85810243679386,-1.87380102297764,-0.406943192077497,-0.903561173339774,-0.779371251124813,-0.910927495481457,0.550587197709926,0.392897320497682,-1.93434998630303,-1.37767257533516,0.147664310557806,0.21,0.23,0.6,0.6,0.37,0.43,0.34,0.41,0.32,0.38,19,17,14,14,16,15,16,15,18,17,1.82,1.77,1.44,1.13,0.43,0.28,0.66,0.58,-0.34,-0.28,0.971,0.886,-0.085,0.331386930081858,0.328064257818593,-0.00332267226326427,0.875,0.875,0,34,15,64,52.34,53.86
65,0.366602507765543,0.042117398,0.261234199843221,0.899489735233515,0.530336776107508,0.49019229058049,-1.04342855798463,0.396373239036523,-0.227003053400633,-1.47214569656909,-0.910927495481457,0.0935237281888021,-0.551013926563146,0.190097881747092,0.224670659105351,-0.954424292311951,0.16,0.18,0.4,0.4,0.29,0.32,0.28,0.29,0.25,0.26,22,21,11,12,14,14,17,15,18,17,1.64,1.53,1.73,1.17,0.43,0.46,0.58,0.57,-0.51,-0.58,0.749,0.892,0.143,0.241356074039381,0.258145709577502,0.0167896355381204,0.927536231884058,0.825396825396825,-0.102139406487233,54,18,64,55.62,46.07
66,0.892296669844436,0.016749796,-0.0921934670563749,-0.556434017077613,0.0815783203798539,0.601858424965255,-0.213056092991627,-0.406943192077497,-0.903561173339774,-0.779371251124813,-0.910927495481457,1.83782717309595,-0.103698556470063,-1.08695785915944,0.575183241639213,0.765909136557913,0.18,0.19,0.53,0.51,0.38,0.34,0.32,0.32,0.29,0.31,20,20,13,13,14,13,15,14,18,17,1.69,1.77,1.54,1.12,0.56,0.49,0.58,0.58,-0.46,-0.34,0.9775,1.073,0.0954999999999999,0.202559134325142,0.23760825921774,0.0350491248925987,0.885714285714286,0.854545454545455,-0.0311688311688312,38,14,64,53.8,45.86
67,0.425012970218754,0.19456798,2.69988510145043,2.6689970649655,1.1680461605626,1.32768829846623,-1.87380102297764,-2.01357605430554,-2.25667741321805,-1.47214569656909,-0.910927495481457,-0.988504077208144,-0.986956871992846,-0.573748542720366,-0.576500958114904,0.192464660267958,0.25,0.31,0.46,0.65,0.35,0.45,0.33,0.37,0.3,0.34,19,16,13,10,15,12,16,14,18,17,1.83,1.6,1.83,1.15,0.4,0.36,0.62,0.57,-0.48,-0.42,0.834,0.774,-0.0599999999999999,0.203047036193843,0.288567624886663,0.0855205886928203,0.950819672131148,0.846153846153846,-0.104665825977301,41,11,64,60.1,45.08
68,-0.100681191860139,0.032604624,0.809047083537594,0.0483343108054706,-0.485274465802446,0.546025357772873,-1.04342855798463,0.396373239036523,0.449555066538508,1.29895208520802,-0.133056825182685,-0.867242340396418,-0.297029775747582,0.65556679665695,0.700366306829878,-0.900663872659768,0.18,0.19,0.42,0.45,0.3,0.29,0.33,0.3,0.3,0.31,21,20,14,15,16,17,15,17,16,16,1.74,1.52,0.98,0.5,0.32,0.39,0.48,0.48,-0.49,-0.54,0.828,0.8575,0.0295,0.279513722609035,0.302845868528356,0.0233321459193212,0.788732394366197,0.586206896551724,-0.202525497814473,34,17,64,59.08,41.63
69,-1.85299506545645,-0.0044669709,0.243562816498241,-0.668428151870777,-0.485274465802446,0.0993608202338124,0.617316372001379,-0.406943192077497,1.12611318647765,0.606177639763744,-0.133056825182685,0.998322841322455,0.897074813907682,0.381059487863957,-0.0256954712759787,1.09743172441304,0.17,0.17,0.35,0.35,0.32,0.28,0.27,0.24,0.26,0.26,21,22,15,15,13,15,16,17,18,18,1.69,1.69,1.19,1.02,0.43,0.47,0.56,0.53,-0.42,-0.25,0.9395,1.065,0.1255,0.290201076658266,0.286292235111948,-0.00390884154631854,0.791666666666667,0.814814814814815,0.0231481481481481,47,14,65,49.93,70.01
71,1.18434898211049,0.0097872028,-0.00383655033147601,0.473912023019493,0.105197186470783,-0.235637582920483,0.617316372001379,0.396373239036523,0.449555066538508,-0.0865968056805348,0.644813845116088,0.0748680763716133,-1.54041487227751,-0.167955129722028,0.80051275898241,0.237265009978111,0.23,0.24,0.5,0.49,0.26,0.27,0.3,0.3,0.29,0.28,19,20,9,10,16,17,17,17,17,18,1.58,1.47,1.74,0.92,0.75,0.78,0.62,0.62,-0.34,-0.27,1.083,1.144,0.0609999999999999,0.290867868524336,0.355268169801756,0.0644003012774194,0.836065573770492,0.706896551724138,-0.129169022046354,33,9,65,41.64,43.42
72,1.06752805720407,0.053604543,2.13440083441108,1.45946040919933,0.908238633562374,0.601858424965255,-1.04342855798463,-2.01357605430554,-2.25667741321805,-1.47214569656909,-0.910927495481457,-0.717997125858908,-0.156769871565852,0.989749607361463,0.55014662860108,-0.631861774398852,0.14,0.15,0.29,0.4,0.22,0.28,0.24,0.27,0.21,0.22,23,22,17,13,18,15,19,17,20,19,1.73,1.53,1.97,1.51,0.51,0.6,0.6,0.6,-0.34,-0.37,0.893,0.953,0.0599999999999999,0.20415326034242,0.203799898678333,-0.000353361664087198,0.956521739130435,0.892857142857143,-0.0636645962732919,41,17,65,48.36,52.55
73,0.483423432671964,-0.0047145789,-1.25850476782504,-0.534035190118981,-0.319942403165942,-0.458969851690013,0.617316372001379,0.396373239036523,-0.227003053400633,-0.0865968056805348,-0.910927495481457,2.05236716899362,0.188193676556779,-0.621488944249582,-0.501391119000505,1.54543522151457,0.24,0.23,0.49,0.4,0.45,0.42,0.44,0.42,0.37,0.35,18,19,11,12,12,12,13,13,15,14,1.42,1.53,1.33,0.98,0.46,0.41,0.62,0.57,-0.51,-0.29,0.754,0.885,0.131,0.199778678402596,0.222811594528709,0.0230329161261132,0.805555555555556,0.777777777777778,-0.0277777777777778,52,13,64,58.59,58.29
75,-1.50253229073719,0.062405538,-0.0391793170214356,0.384316715184962,0.931857499653303,0.769357626542403,-0.213056092991627,-0.406943192077497,-0.903561173339774,-0.0865968056805348,-0.133056825182685,-0.941864947665173,-2.47674450289608,-0.693099546543406,-2.40417370989861,-1.26802674028302,0.22,0.24,0.62,0.61,0.4,0.4,0.38,0.41,0.35,0.37,20,20,13,13,17,16,16,16,17,17,1.77,1.54,2.12,0.83,0.42,0.38,0.63,0.51,-0.56,-0.66,0.776,0.844,0.068,0.210209573866717,0.255390885413475,0.0451813115467573,0.972222222222222,0.698412698412698,-0.273809523809524,36,15,68,61.39,64.14
79,0.249781582859123,-0.0067574279,-1.34686168454994,-0.354844574449919,0.176053784743571,-0.431053318093822,-0.213056092991627,0.396373239036523,1.12611318647765,0.606177639763744,-0.133056825182685,-0.298244959972161,-1.57074133804653,-1.2540492645117,-0.576500958114904,-0.291379116601691,0.17,0.17,0.52,0.43,0.32,0.29,0.3,0.3,0.29,0.27,21,21,9,10,12,14,14,15,17,17,1.91,1.75,2.1,1.27,0.59,0.5,0.66,0.61,-0.54,-0.53,0.9905,1.033,0.0425,0.188237018557136,0.237853223816401,0.0496162052592649,0.971428571428571,0.879310344827586,-0.0921182266009852,35,15,68,60.06,47.49
80,-0.39273350412619,-0.0040431572,0.243562816498241,0.294721407350431,0.128816052561712,-0.263554116516674,-0.213056092991627,1.19968967015054,1.12611318647765,-0.0865968056805348,1.42268451541486,0.49462024225836,0.995635827657005,-0.514073040808845,1.12598872847814,-0.900663872659768,0.25,0.24,0.46,0.46,0.37,0.37,0.38,0.38,0.39,0.37,17,17,15,17,16,18,17,17,16,18,1.56,1.5,0.65,0.5,0.54,0.51,0.56,0.58,-0.26,-0.32,1.036,1.0135,-0.0225,0.329814832185291,0.335050663124106,0.00523583093881525,0.615384615384615,0.608695652173913,-0.00668896321070234,22,8,68,44.84,35.61
81,-1.21047997847113,-0.062026516,-0.975762634305364,-0.959612902333003,-0.910414055439171,-0.626469053267161,0.617316372001379,2.00300610126456,1.80267130641679,0.606177639763744,0.644813845116088,0.447981112715388,0.305708731411742,-0.394722036985805,1.10095211544001,-0.103217647819049,0.18,0.16,0.43,0.36,0.3,0.25,0.31,0.26,0.29,0.26,21,22,12,16,15,18,15,16,16,17,1.47,1.41,1.36,1.03,0.47,0.45,0.56,0.58,-0.39,-0.36,0.803,0.789,-0.014,0.235166642045841,0.219527415659909,-0.0156392263859322,0.840579710144928,0.777777777777778,-0.0628019323671497,36,13,68,59.33,54.09
82,1.88527453154901,0.15703112,1.79864455085646,1.41466275528207,1.00271409792609,1.55102056723576,-0.213056092991627,0.396373239036523,0.449555066538508,-0.0865968056805348,-0.133056825182685,-0.438162348601077,0.84779430703302,0.011071376012532,-0.351171440771708,-0.945464222369921,0.26,0.31,0.52,0.6,0.4,0.46,0.41,0.45,0.41,0.46,17,17,14,15,15,16,16,16,16,16,1.9,1.67,1.61,0.98,0.33,0.35,0.55,0.53,-0.32,-0.42,0.854,0.854,0,0.277548619875073,0.345437403880935,0.0678887840058616,0.959183673469388,0.756756756756757,-0.202426916712631,44,15,68,58.55,46.17
84,0.132960657952702,0.17458321,1.81631593420144,2.6689970649655,2.44346492947277,2.55601577669865,-1.04342855798463,-1.21025962319152,-2.25667741321805,-2.16492014201337,-2.466668836079,-0.596735389047181,0.317081156075125,1.4074781207421,-0.751757249381835,-0.60498156457276,0.2,0.26,0.38,0.47,0.29,0.44,0.29,0.41,0.25,0.34,21,20,15,14,16,13,15,12,18,15,1.66,1.48,1.69,1.36,0.48,0.61,0.6,0.55,-0.32,-0.34,0.864,0.976,0.112,0.2239039164849,0.19898168861987,-0.02492222786503,0.895522388059702,0.859649122807018,-0.035873265252684,50,14,68,55.67,42.61
85,0.892296669844436,-0.010657325,0.208220049808281,0.2051260995159,0.223291516925429,0.211026954618578,-0.213056092991627,-0.406943192077497,-0.227003053400633,-0.0865968056805348,-0.133056825182685,-0.428834522692482,0.995635827657005,2.00423313985731,1.7018308283552,0.174544520383897,0.21,0.2,0.31,0.31,0.27,0.27,0.32,0.32,0.32,0.32,20,20,18,18,19,19,19,19,19,19,1.6,1.44,0.98,0.83,0.46,0.64,0.52,0.56,-0.36,-0.29,0.8695,0.968,0.0985,0.302830600417163,0.3741167033896,0.0712861029724368,0.730769230769231,0.68,-0.0507692307692307,25,7,68,44.12,42.62
87,1.94368499400222,-0.043360189,-0.640006350750748,-0.466838709243082,-0.272704670984083,-0.570635986074778,2.27806130198739,1.19968967015054,0.449555066538508,1.29895208520802,0.644813845116088,-0.10236061589168,-1.25231344747179,-1.18243866221787,-0.20095176254291,-0.0404971582248356,0.15,0.13,0.29,0.24,0.26,0.23,0.25,0.23,0.26,0.23,20,23,18,20,16,17,17,19,18,19,1.65,1.52,0.89,0.24,0.41,0.33,0.59,0.55,-0.37,-0.33,0.975,0.827,-0.148,0.290272298431222,0.272543812369712,-0.01772848606151,0.761194029850746,0.5,-0.261194029850746,35,15,64,58.04,53.47
90,-0.27591257921977,-0.19726132,-1.68261796810456,-1.45238709542292,-1.71345550253076,-1.99437919948053,1.44768883699439,0.396373239036523,1.12611318647765,1.9917265306523,2.20055518571363,0.830421974967757,1.73484343077693,-0.120214728192812,1.90212373266026,-1.52786876860191,0.26,0.2,0.51,0.4,0.34,0.27,0.36,0.28,0.34,0.27,18,20,16,17,17,19,17,20,18,21,1.4,1.38,1.49,1.54,0.45,0.45,0.55,0.65,-0.16,-0.29,0.7295,0.6835,-0.046,0.189772311786556,0.187485034128622,-0.00228727765793416,0.847222222222222,0.838709677419355,-0.00851254480286734,38,8,68,40.07,67.8
92,1.12593851965728,0.090432383,1.23316028381711,1.41466275528207,0.884619767471445,1.07643949610051,-1.87380102297764,-2.01357605430554,-0.903561173339774,-0.0865968056805348,-0.910927495481457,0.233441116817718,-0.960421214444951,-0.955671754954095,1.90212373266026,0.7031886469637,0.18,0.21,0.33,0.39,0.23,0.28,0.24,0.27,0.25,0.29,21,19,19,17,20,19,20,20,21,20,1.55,1.46,1.46,0.79,0.75,0.71,0.54,0.62,-0.12,-0.12,1.145,1.08,-0.065,0.258354629439639,0.281419338313446,0.0230647088738076,0.864406779661017,0.69811320754717,-0.166293572113847,25,10,68,40.23,40.33
93,0.600244357578385,0.0099903103,0.508633566672938,-0.28764809357402,-0.296323537075013,0.238943488214769,-0.213056092991627,-0.406943192077497,0.449555066538508,0.606177639763744,0.644813845116088,0.690504586338841,-1.26368587213518,-0.657294245396494,-0.20095176254291,-0.291379116601691,0.26,0.26,0.59,0.6,0.44,0.41,0.39,0.37,0.35,0.35,18,18,10,10,11,12,12,13,14,15,1.72,1.68,1.88,1.14,0.44,0.4,0.66,0.62,-0.61,-0.6,0.796,0.926,0.13,0.220105766833471,0.244862463333474,0.024756696500003,0.942028985507246,0.830508474576271,-0.111520510930975,49,16,68,59.92,59.96
94,-1.15206951601792,-0.1986241,-2.42481606859371,-2.4603343085614,-2.634591280077,-2.35729413623102,0.617316372001379,0.396373239036523,1.12611318647765,1.9917265306523,1.42268451541486,-0.512784955869832,-0.676110597860364,0.476540290922389,0.124524206952819,0.532947318065119,0.27,0.21,0.7,0.46,0.38,0.25,0.38,0.26,0.39,0.27,18,19,14,15,15,17,15,18,17,19,1.7,1.52,1.29,0.7,0.29,0.34,0.64,0.61,-0.5,-0.39,0.742,0.751,0.00900000000000001,0.322512389445978,0.322381448541212,-0.000130940904765509,0.861538461538462,0.711864406779661,-0.149674054758801,47,13,68,55.32,46.1
95,-0.0422707294069285,-0.13091147,-1.61193243472464,-2.3259413468096,-2.02050076171284,-1.65938079632624,1.44768883699439,0.396373239036523,-0.227003053400633,-0.0865968056805348,0.644813845116088,0.419997634989605,1.0221714852049,1.01361980812607,0.0494143678384203,0.747988996673852,0.29,0.24,0.6,0.49,0.5,0.43,0.49,0.4,0.39,0.32,19,21,11,12,11,11,13,13,15,16,1.7,1.63,1.6,1.45,0.53,0.63,0.6,0.58,-0.39,-0.26,0.96,1.048,0.0880000000000001,0.233725919352075,0.211392799893929,-0.0223331194581461,0.88135593220339,0.901639344262295,0.0202834120589053,35,13,65,48.9,40.54
97,-1.61935321564361,-0.085389771,-0.657677734095728,-0.623630497953512,-0.65060652843895,-0.486886385286204,0.617316372001379,0.396373239036523,-0.227003053400633,-0.0865968056805348,-0.133056825182685,0.000245469102858353,0.233683375210313,0.464605190540085,0.725402919868011,0.156624380499836,0.22,0.19,0.59,0.54,0.31,0.27,0.29,0.25,0.3,0.28,20,21,9,10,17,17,18,18,18,18,1.71,1.6,1.63,1.28,0.5,0.55,0.61,0.61,-0.47,-0.41,0.914,0.908,-0.00600000000000001,0.226900606257135,0.252660211214245,0.0257596049571106,0.91044776119403,0.859649122807018,-0.0507986383870123,44,12,65,54.59,41.67
99,-0.159091654313349,0.070965901,0.543976333362897,0.429114369102227,0.577574508289366,1.46727096644718,-1.04342855798463,-1.21025962319152,-0.227003053400633,-0.0865968056805348,-0.133056825182685,2.05236716899362,1.54909382794167,-1.94628508668533,-1.30256273622076,-0.649781914282913,0.21,0.23,0.51,0.53,0.35,0.35,0.35,0.36,0.34,0.38,20,19,15,14,16,16,17,17,18,18,1.46,1.58,1.37,1.37,0.7,0.55,0.57,0.49,-0.13,-0.17,1.0375,1.017,-0.0205000000000002,0.213826886824687,0.198052026657537,-0.0157748601671497,0.818181818181818,0.859649122807018,0.0414673046251993,26,11,66,44.42,44.99
104,-1.79458460300324,-0.10055562,-1.75330350148447,-0.511636363160348,-1.38279137725775,-1.01730052361384,0.617316372001379,2.00300610126456,1.12611318647765,0.606177639763744,0.644813845116088,-1.20304407310581,0.590019347996328,1.67005032915279,1.07591550240187,-0.963384362253982,0.21,0.17,0.53,0.42,0.3,0.26,0.33,0.27,0.3,0.25,19,20,10,13,15,17,18,19,19,20,1.76,1.51,1.15,0.89,0.49,0.63,0.61,0.63,-0.19,-0.25,1.0265,0.9675,-0.0589999999999999,0.312681090214901,0.283662708008814,-0.0290183822060868,0.846153846153846,0.708333333333333,-0.137820512820513,35,12,65,41.57,49.77
105,-0.801606741298662,0.048289634,0.738361550157675,-0.668428151870777,-0.532512197984304,-0.040221847747144,-0.213056092991627,-0.406943192077497,0.449555066538508,0.606177639763744,-0.133056825182685,-0.895225818122201,0.510412375352644,-0.251500832398157,-2.40417370989861,1.75151683018127,0.2,0.21,0.52,0.55,0.46,0.42,0.41,0.38,0.33,0.33,19,19,14,14,12,13,12,13,17,17,1.53,1.32,1.36,1.08,0.45,0.44,0.61,0.49,-0.64,-0.4,0.819,0.731,-0.088,0.224552803720733,0.18947519410289,-0.0350776096178427,0.833333333333333,0.754098360655738,-0.0792349726775957,44,11,64,58.54,47.25
106,0.892296669844436,-0.21164744,-2.33645915186881,-2.4603343085614,-2.09135735998563,-2.35729413623102,2.27806130198739,1.19968967015054,1.80267130641679,1.9917265306523,2.20055518571363,1.86581065082173,0.0176073066060273,-2.29240299777215,0.975769050249341,1.1422320741232,0.3,0.2,0.65,0.51,0.5,0.35,0.38,0.28,0.37,0.28,18,22,14,16,14,17,16,19,17,20,1.75,1.85,1.51,1.11,0.6,0.41,0.56,0.56,-0.55,-0.38,1.0065,1.069,0.0625,0.320752206519957,0.281436961213795,-0.0393152453061628,0.814814814814815,0.882352941176471,0.0675381263616558,39,15,66,52.33,54.91
107,0.425012970218754,-0.03823857,-0.693020500785687,-0.354844574449919,0.0815783203798539,0.26686002181096,-0.213056092991627,-0.406943192077497,0.449555066538508,-0.779371251124813,-0.910927495481457,1.00765066723105,-1.51387921472961,-1.46888107139317,1.2511717936688,-0.103217647819049,0.18,0.17,0.52,0.46,0.33,0.3,0.3,0.3,0.3,0.3,21,21,12,12,16,17,18,17,19,18,1.62,1.61,1.63,0.82,0.65,0.54,0.6,0.62,-0.32,-0.28,0.9785,1.054,0.0755000000000001,0.265945711747898,0.331787672767788,0.0658419610198893,0.879310344827586,0.697674418604651,-0.181635926222935,39,11,66,43.26,50.86
108,1.59322221928296,0.16654755,1.12713198374723,1.68344867878566,2.44346492947277,2.10935123915958,-1.04342855798463,-0.406943192077497,-0.227003053400633,0.606177639763744,-0.910927495481457,-0.0930327899830852,-0.581340392332169,-2.32820829891906,-2.35410048382235,0.0491035411954698,0.19,0.24,0.46,0.51,0.32,0.38,0.34,0.43,0.31,0.38,21,20,13,13,15,15,16,17,19,18,1.72,1.59,1.1,0.53,0.46,0.28,0.6,0.48,-0.27,-0.21,0.9575,0.816,-0.1415,0.267291069108192,0.338640714228714,0.0713496451205221,0.8125,0.636363636363636,-0.176136363636364,27,13,66,33.77,43.41
109,-2.49551015244176,0.026508642,0.844389850227554,0.720299119564453,0.294148115198216,0.601858424965255,-1.04342855798463,-2.01357605430554,-1.58011929327891,-0.779371251124813,-0.910927495481457,0.00957329501145273,-0.516896652572996,0.524280692451605,-0.00065885823784567,-0.11217771776108,0.13,0.14,0.25,0.29,0.18,0.2,0.18,0.19,0.18,0.2,23,22,19,16,21,19,21,20,22,21,1.61,1.49,1.58,1.03,0.63,0.68,0.61,0.58,-0.42,-0.39,0.969,1.124,0.155,0.21144909989243,0.259400777055997,0.0479516771635667,0.865671641791045,0.725490196078431,-0.140181445712613,38,17,65,51.86,48.38
110,0.892296669844436,-0.018019615,0.614661866742816,0.294721407350431,0.1996726508345,0.378526156195725,-0.213056092991627,0.396373239036523,0.449555066538508,-0.779371251124813,-0.133056825182685,-0.363539741332322,-0.710227871850514,0.190097881747092,-0.20095176254291,-0.44370030561621,0.17,0.17,0.45,0.47,0.3,0.3,0.33,0.33,0.31,0.31,21,21,14,15,16,17,18,17,17,17,1.73,1.57,2.01,1.41,0.49,0.51,0.62,0.58,-0.54,-0.54,0.8175,0.891,0.0735000000000001,0.209599416261925,0.199730249781037,-0.00986916648088723,0.958333333333333,0.868852459016393,-0.08948087431694,47,17,66,50.77,47
112,1.00911759475086,-0.081008218,-0.339592833886092,-1.20599999887796,-1.3355536450759,-0.710218654055735,0.617316372001379,1.19968967015054,1.80267130641679,1.9917265306523,1.42268451541486,0.849077626784946,-1.1575432419436,-0.621488944249582,1.10095211544001,0.398546268934661,0.16,0.13,0.35,0.32,0.3,0.23,0.27,0.21,0.21,0.18,22,23,14,16,14,17,16,19,19,21,1.41,1.38,1.57,0.85,0.51,0.47,0.57,0.59,-0.3,-0.22,0.7695,0.8085,0.0389999999999999,0.180005735867574,0.209577516268384,0.0295717804008097,0.847222222222222,0.709677419354839,-0.137544802867383,42,10,68,53.58,63.58
114,-0.567964891485821,0.0061226776,-0.0568507003664154,1.23547213961301,1.14442729447167,0.71352455935002,-1.04342855798463,-0.406943192077497,-1.58011929327891,-2.16492014201337,-1.68879816578023,1.24084631494591,0.76060571794708,-0.227630631633549,0.0994875939146863,0.371666059108569,0.19,0.2,0.41,0.39,0.35,0.39,0.31,0.35,0.23,0.25,20,19,11,11,14,12,16,13,18,16,1.59,1.62,1.62,1.42,0.48,0.47,0.58,0.56,-0.44,-0.36,0.813,0.939,0.126,0.232842895714057,0.246120240935699,0.0132773452216426,0.901408450704225,0.898305084745763,-0.00310336595846261,49,18,64,53.44,63.95
116,-0.860017203751872,-0.028349262,-0.127536233746335,0.272322580391798,-0.060134876165721,-0.514802918882396,0.617316372001379,0.396373239036523,0.449555066538508,1.29895208520802,0.644813845116088,1.95908890990768,0.658253895976629,-2.32820829891906,-1.52789225356396,-0.345139536253874,0.15,0.15,0.38,0.36,0.22,0.22,0.25,0.24,0.25,0.23,22,23,14,15,18,19,19,21,20,21,1.62,1.72,1.13,0.9,0.43,0.19,0.48,0.45,-0.39,-0.39,0.862,0.7015,-0.1605,0.369347207162752,0.426571193414238,0.0572239862514866,0.745762711864407,0.683333333333333,-0.0624293785310734,32,17,67,43.27,43.82
117,-0.801606741298662,-0.019460576,-0.127536233746335,0.653102638688555,0.74290657092587,-0.291470650112866,-0.213056092991627,-0.406943192077497,-0.903561173339774,-0.779371251124813,0.644813845116088,1.34345239994045,1.74621585544031,0.512345592069301,-1.45278241444956,2.45040228565966,0.2,0.19,0.43,0.41,0.32,0.34,0.39,0.41,0.36,0.34,21,21,16,16,16,15,15,14,15,16,1.61,1.65,1.18,1.24,0.4,0.46,0.63,0.54,-0.66,-0.32,0.792,0.98,0.188,0.237563877674732,0.231074087213202,-0.00648979046153034,0.816901408450704,0.864406779661017,0.0475053712103127,43,14,67,52.87,46.55
118,0.308192045312333,0.016729621,0.738361550157675,0.608304984771289,0.294148115198216,0.573941891369064,-1.04342855798463,-0.406943192077497,-0.903561173339774,-0.779371251124813,-0.910927495481457,0.364030679538039,0.775768950831592,-0.02473392513438,0.0243777548002873,1.93071822902188,0.18,0.19,0.46,0.49,0.31,0.33,0.31,0.32,0.28,0.3,21,20,12,12,16,15,17,16,19,18,1.83,1.75,1.78,1.57,0.45,0.45,0.64,0.61,-0.62,-0.36,0.879,0.8935,0.0145,0.250995546746136,0.247647679699887,-0.0033478670462482,0.926470588235294,0.948275862068966,0.0218052738336714,34,15,65,62.42,55.14
119,-0.801606741298662,-0.15592541,-1.31151891785998,-0.892416421457104,-0.815938591075454,-0.877717855632882,0.617316372001379,-0.406943192077497,-0.227003053400633,-0.0865968056805348,-0.133056825182685,-0.0370658345315191,2.09497021178407,1.22845161500754,0.199634046067218,1.26767305331162,0.26,0.21,0.57,0.49,0.31,0.26,0.34,0.3,0.33,0.29,18,19,12,12,16,16,17,17,17,17,1.61,1.49,1.27,1.42,0.56,0.68,0.59,0.57,-0.51,-0.32,0.993,1.026,0.033,0.273144728345525,0.27770379621347,0.0045590678679448,0.852459016393443,0.823529411764706,-0.0289296046287367,42,15,64,49.56,46.16
120,0.892296669844436,-0.036731075,-0.53397805068087,-0.242850439656755,-0.508893331893375,-0.040221847747144,0.617316372001379,1.19968967015054,-0.903561173339774,-0.0865968056805348,-0.133056825182685,0.615881979070087,-0.968002830887206,-0.430527338132717,0.675329693791745,0.282065359688264,0.22,0.2,0.57,0.53,0.4,0.38,0.42,0.39,0.42,0.41,18,19,12,14,16,15,16,16,17,17,1.69,1.64,2.11,1.45,0.63,0.6,0.58,0.58,-0.28,-0.21,0.94,1.043,0.103,0.180725943284881,0.202030016113623,0.0213040728287426,0.940298507462687,0.898305084745763,-0.0419934227169239,32,12,65,62.85,39.09
121,-0.39273350412619,0.044908889,0.261234199843221,0.541108503895391,0.553955642198437,0.434359223388108,-1.04342855798463,0.396373239036523,-0.227003053400633,-0.0865968056805348,-0.133056825182685,-1.13774929174565,-0.152979063344725,-0.203760430868941,0.149560819990952,-0.596021494630729,0.13,0.14,0.3,0.3,0.24,0.25,0.22,0.24,0.22,0.23,24,23,17,18,19,19,20,20,21,21,1.75,1.51,1.95,1.5,0.53,0.52,0.6,0.58,-0.24,-0.26,0.858,0.862,0.004,0.241921387570374,0.206365258840962,-0.0355561287294122,0.957142857142857,0.883333333333333,-0.0738095238095239,27,14,67,46.29,55.24
122,1.8268640690958,-8.3288e-05,0.261234199843221,0.653102638688555,0.435861311743791,0.322693089003343,0.617316372001379,-0.406943192077497,-0.227003053400633,-0.779371251124813,0.644813845116088,-1.28699450628316,-0.702646255408259,1.6819854295351,1.45146469797387,-0.927544082485859,0.15,0.15,0.42,0.42,0.21,0.22,0.22,0.23,0.22,0.22,20,21,12,12,18,18,17,16,18,19,1.79,1.52,1.74,1.13,0.43,0.59,0.5,0.53,-0.37,-0.43,0.861,1.001,0.14,0.225997252257725,0.275757627927623,0.0497603756698984,0.940298507462687,0.781818181818182,-0.158480325644505,45,8,67,49.02,40.07
123,-0.626375353939031,0.013841581,1.5865879507167,0.742697946523086,0.553955642198437,1.16018909688908,-0.213056092991627,-1.21025962319152,-0.903561173339774,-0.779371251124813,-0.133056825182685,2.03371151717643,-0.56238635122653,-1.97015528744994,-1.25248951014449,0.291025429630295,0.23,0.24,0.42,0.5,0.29,0.31,0.29,0.3,0.29,0.33,19,19,16,15,18,17,19,18,20,20,1.45,1.56,0.8,0.24,0.39,0.24,0.61,0.53,-0.67,-0.6,0.79,0.74,-0.05,0.246931156709408,0.318674166649567,0.071743009940159,0.692307692307692,0.52,-0.172307692307692,40,12,65,50.23,63.8
126,0.892296669844436,-0.05011804,-1.32919030120496,-1.31799413367113,-1.12298385025753,-1.54771466194147,2.27806130198739,1.19968967015054,1.80267130641679,1.9917265306523,2.20055518571363,0.802438497241974,-0.649574940312469,-0.681164446161102,0.950732437211208,-0.658741984224943,0.19,0.18,0.41,0.32,0.35,0.28,0.3,0.25,0.3,0.23,19,22,15,17,14,17,15,18,16,19,1.7,1.66,1.26,0.68,0.58,0.54,0.6,0.62,-0.49,-0.53,1.01,1.11,0.1,0.261106079771639,0.261604861285634,0.000498781513995572,0.850746268656716,0.724137931034483,-0.126608337622234,34,16,65,45.37,41.25
127,1.00911759475086,0.050530527,0.667676016777756,0.720299119564453,0.861000901380516,0.601858424965255,-1.04342855798463,-0.406943192077497,-0.903561173339774,-0.0865968056805348,-0.133056825182685,0.942355885870889,0.449759443814599,-0.58568364310267,-0.301098214695442,0.739028926731822,0.16,0.18,0.45,0.47,0.25,0.27,0.24,0.27,0.23,0.24,20,19,11,11,17,16,17,17,19,19,1.58,1.56,1.02,0.73,0.27,0.24,0.49,0.45,-0.24,-0.12,0.744,0.843,0.099,0.285840536433587,0.327533317289764,0.0416927808561766,0.790322580645161,0.719298245614035,-0.0710243350311262,33,10,65,30.91,42.63
130,-2.1450473777225,-0.10577435,-2.23043085179893,-2.07955425026464,-2.04411962780377,-1.79896346430719,1.44768883699439,2.00300610126456,1.80267130641679,1.29895208520802,1.42268451541486,-1.0631266844769,1.26857401957821,1.53876422494745,-1.1773796710301,-0.228658627007477,0.19,0.16,0.57,0.42,0.37,0.27,0.37,0.27,0.33,0.25,20,22,9,14,13,16,16,18,17,19,1.88,1.64,1.33,1.25,0.46,0.59,0.66,0.58,-0.46,-0.43,0.9915,1.03,0.0385,0.270101263120972,0.219724372243991,-0.0503768908769815,0.885714285714286,0.862068965517241,-0.0236453201970444,38,17,67,53.4,68.24
131,-1.09365905356471,-0.045962714,-0.268907300506173,-0.153255131822224,-0.201848072711296,0.350609622599534,-1.04342855798463,-0.406943192077497,-0.903561173339774,-1.47214569656909,-1.68879816578023,0.821094149059163,-0.604085241658935,0.404929688628565,0.374890337334149,0.0670236810795309,0.22,0.2,0.52,0.49,0.31,0.29,0.34,0.33,0.3,0.3,19,18,14,14,17,16,18,16,20,18,1.82,1.79,1.89,1.32,0.41,0.45,0.62,0.61,-0.49,-0.44,0.837,1.026,0.189,0.221741508365136,0.235722180030857,0.013980671665721,0.955882352941177,0.896551724137931,-0.0593306288032455,38,12,68,55.03,42.91
133,1.06752805720407,0.076863691,-0.109864850401355,-0.063659823987693,0.412242445652862,0.853107227330977,-1.87380102297764,0.396373239036523,0.449555066538508,-0.0865968056805348,-0.910927495481457,0.755799367699002,0.768187334389336,-0.406657137368109,-0.726720636343702,1.2318327735435,0.18,0.21,0.47,0.45,0.34,0.32,0.31,0.32,0.27,0.3,22,20,12,13,14,15,15,15,17,16,1.55,1.51,1.26,1.06,0.59,0.56,0.57,0.51,-0.48,-0.3,0.982,0.951,-0.031,0.25246893721825,0.283758603622639,0.0312896664043893,0.80952380952381,0.785714285714286,-0.0238095238095238,43,10,68,44.47,54.69
134,-0.159091654313349,-0.11558437,-1.08179093437524,-0.713225805788042,-0.249085804893154,-0.514802918882396,1.44768883699439,0.396373239036523,0.449555066538508,-0.0865968056805348,-0.910927495481457,1.53933674402093,-0.505524227909612,-2.32820829891906,0.174597433029085,-1.45618820906566,0.21,0.17,0.51,0.44,0.29,0.24,0.32,0.3,0.27,0.24,20,22,12,13,17,18,17,17,20,19,1.71,1.77,0.95,0.41,0.6,0.18,0.56,0.54,-0.25,-0.37,1.198,1.1345,-0.0634999999999999,0.309403711812412,0.421225147462518,0.111821435650105,0.722222222222222,0.619047619047619,-0.103174603174603,39,17,67,41.04,47.44
135,0.249781582859123,-0.067073211,-1.2054906177901,-1.20599999887796,-0.721463126711737,-0.710218654055735,-0.213056092991627,1.19968967015054,-0.227003053400633,-0.0865968056805348,-0.910927495481457,1.60463152538109,-0.793625652715327,-0.167955129722028,-0.401244666847973,0.774869206499944,0.2,0.18,0.53,0.44,0.38,0.32,0.36,0.32,0.33,0.29,21,21,10,12,12,12,14,14,17,16,1.61,1.67,1.66,1.05,0.51,0.5,0.58,0.53,-0.46,-0.33,0.906,1.084,0.178,0.197146703439081,0.227178301944347,0.0300315985052664,0.91304347826087,0.819672131147541,-0.0933713471133285,52,10,67,57.6,54.16
136,0.0745501954994921,-0.071514219,-0.0215079336764558,-0.0412609970290603,-0.0365160100747918,-0.1798045157281,-0.213056092991627,0.396373239036523,0.449555066538508,0.606177639763744,1.42268451541486,0.569242849527115,0.354989238286404,-1.14663336107096,-0.451317892924239,2.45040228565966,0.2,0.17,0.52,0.5,0.28,0.27,0.27,0.26,0.29,0.27,20,20,11,12,16,17,18,19,18,20,1.68,1.63,1.1,0.79,0.56,0.47,0.6,0.55,-0.49,-0.18,1.043,1.035,-0.00800000000000001,0.35317828767098,0.331305287801886,-0.0218729998690944,0.789473684210526,0.725490196078431,-0.063983488132095,22,12,67,31.82,38.63
138,0.425012970218754,0.082527347,-0.304250067196132,-0.354844574449919,0.341385847380075,0.49019229058049,0.617316372001379,0.396373239036523,0.449555066538508,-0.779371251124813,-0.133056825182685,0.905044582236512,0.510412375352644,-0.0844094270459002,1.50153792405013,-1.14258576109459,0.3,0.31,0.71,0.67,0.5,0.49,0.49,0.46,0.45,0.47,17,18,17,18,17,18,19,18,19,19,1.6,1.58,1.23,0.95,0.27,0.27,0.57,0.6,-0.54,-0.62,0.6805,0.715,0.0345,0.276119044497074,0.243876590927999,-0.032242453569075,0.794117647058824,0.761904761904762,-0.0322128851540616,41,7,67,54.03,54.93
139,-0.217502116766559,0.0057828478,0.0138348330135038,0.406715542143594,0.128816052561712,-0.375220250901439,-0.213056092991627,-0.406943192077497,-0.227003053400633,-0.0865968056805348,-0.133056825182685,-0.97917625129955,0.904656430349938,0.810723101626902,-0.351171440771708,0.335825779340447,0.16,0.16,0.3,0.29,0.26,0.27,0.25,0.25,0.23,0.21,22,22,15,15,16,16,16,16,19,19,1.7,1.48,1.54,1.37,0.59,0.67,0.61,0.56,-0.47,-0.39,1.031,1.029,-0.002,0.213938026686872,0.18493499454702,-0.0290030321398518,0.873015873015873,0.844827586206897,-0.0281882868089764,28,7,68,48.11,47.68
140,-1.0352485911115,-0.048963193,-1.41754721792986,-0.914815248415737,-0.532512197984304,-1.1568831915948,1.44768883699439,1.19968967015054,2.47922942635593,1.9917265306523,1.42268451541486,-2.13582666396525,-2.05975559857202,1.65811522877049,-1.15234305799196,-0.291379116601691,0.17,0.16,0.47,0.38,0.26,0.21,0.28,0.25,0.29,0.24,21,23,11,13,15,19,16,19,18,20,1.98,1.46,2.09,1.11,0.38,0.53,0.65,0.58,-0.43,-0.42,0.798,0.8775,0.0794999999999999,0.211250765736892,0.197339350381619,-0.0139114153552729,0.985074626865672,0.8,-0.185074626865672,39,10,67,51.28,51.72
143,-0.567964891485821,0.033844505,0.208220049808281,0.630703811729922,0.837382035289587,1.02060642890812,-1.04342855798463,-1.21025962319152,0.449555066538508,-0.0865968056805348,-1.68879816578023,-0.438162348601077,-0.429708063487056,0.691372097803862,-0.276061601657309,-2.31635492350059,0.3,0.31,0.55,0.55,0.4,0.42,0.41,0.44,0.36,0.39,17,16,13,12,15,16,15,15,18,16,1.77,1.6,1.83,1.3,0.67,0.74,0.62,0.6,-0.35,-0.56,1.07,1.172,0.102,0.270379572793482,0.24170331465056,-0.0286762581429219,0.932203389830508,0.833333333333333,-0.0988700564971751,29,13,67,43.35,39.46
144,-0.0422707294069285,-0.02251409,-0.940419867615405,-0.198052785739489,0.105197186470783,-0.235637582920483,-0.213056092991627,-0.406943192077497,-0.227003053400633,0.606177639763744,0.644813845116088,0.466636764532577,1.7575882801037,-0.76471014883723,1.27620840670694,-0.551221144920577,0.19,0.18,0.51,0.44,0.34,0.32,0.3,0.3,0.31,0.29,21,21,14,14,16,16,17,18,19,20,1.61,1.54,0.61,0.67,0.24,0.18,0.48,0.46,-0.52,-0.54,0.792,0.664,-0.128,0.355079460821473,0.307551862675702,-0.0475275981457702,0.60655737704918,0.647058823529412,0.0405014464802315,34,9,67,36.54,41.01
146,0.425012970218754,-0.0005668751,0.543976333362897,0.921888562192147,0.955476365744233,0.322693089003343,0.617316372001379,-2.01357605430554,-1.58011929327891,-1.47214569656909,-0.910927495481457,-2.13582666396525,0.237474183431441,0.643631696274646,-2.15380757951728,0.102863960847653,0.21,0.21,0.54,0.56,0.41,0.44,0.33,0.37,0.34,0.34,18,19,16,14,17,15,19,17,19,18,1.79,1.43,1.42,1.07,0.51,0.58,0.62,0.51,-0.42,-0.36,1.007,0.939,-0.0680000000000002,0.264902425009888,0.205335688538229,-0.059566736471659,0.852941176470588,0.754385964912281,-0.0985552115583075,36,12,65,42.02,45.39
148,0.775475744938015,0.042488128,0.632333250087796,0.496310849978125,0.530336776107508,-0.151887982131909,-0.213056092991627,-1.21025962319152,-0.903561173339774,-0.779371251124813,-0.133056825182685,1.96841673581627,-0.331147049737732,0.0230064763948361,-0.301098214695442,-0.156978067471233,0.2,0.21,0.37,0.39,0.34,0.35,0.3,0.32,0.28,0.27,19,19,16,15,17,16,18,17,19,19,1.71,1.81,1.77,1.29,0.47,0.48,0.55,0.5,-0.37,-0.34,0.847,1.1,0.253,0.235733569661566,0.257771356831199,0.0220377871696328,0.923076923076923,0.892857142857143,-0.0302197802197802,34,14,67,54.21,52.29
149,-0.39273350412619,-0.026676131,0.243562816498241,0.429114369102227,0.223291516925429,0.322693089003343,-0.213056092991627,-0.406943192077497,-0.903561173339774,-0.779371251124813,-0.910927495481457,0.0375567727372358,0.00623488194264378,-0.478267739661933,0.374890337334149,1.56335536139863,0.22,0.21,0.44,0.44,0.37,0.37,0.37,0.37,0.31,0.31,20,20,15,15,17,16,18,17,19,18,1.66,1.55,0.95,0.54,0.41,0.38,0.57,0.55,-0.61,-0.39,0.981,0.878,-0.103,0.279247398849676,0.333251956918499,0.0540045580688237,0.781818181818182,0.638297872340426,-0.143520309477756,44,13,68,49.7,49.58
150,0.308192045312333,0.010141701,0.402605266603059,0.429114369102227,0.223291516925429,0.294776555407151,-1.04342855798463,-0.406943192077497,-0.227003053400633,0.606177639763744,-0.133056825182685,-0.904553644030795,0.995635827657005,0.249773383658613,-0.901976927610633,0.291025429630295,0.13,0.14,0.28,0.29,0.22,0.23,0.19,0.19,0.17,0.17,21,20,14,14,15,15,17,18,20,20,1.52,1.3,1.36,1.22,0.47,0.5,0.65,0.58,-0.26,-0.19,0.8065,0.77,-0.0365,0.218406212973474,0.189900925472036,-0.0285052875014387,0.805555555555556,0.793650793650794,-0.011904761904762,32,7,67,51.15,60.13
152,-0.801606741298662,-0.051418323,0.579319100052857,-0.780422286663941,-1.40641024334868,-0.682302120459543,0.617316372001379,-0.406943192077497,0.449555066538508,1.29895208520802,0.644813845116088,-0.400851044966699,1.58321110193182,0.762982700097686,-1.67811193179276,-0.237618696949508,0.23,0.21,0.49,0.51,0.34,0.29,0.36,0.29,0.32,0.28,20,21,10,10,17,18,17,19,19,20,1.62,1.46,1.08,1.09,0.45,0.53,0.62,0.52,-0.61,-0.59,0.875,0.953,0.078,0.23600987855736,0.216937739382436,-0.0190721391749246,0.788732394366197,0.766666666666667,-0.0220657276995304,36,11,67,54.17,43.79
153,-0.100681191860139,-0.060452204,-0.622334967405768,-0.220451612698122,-0.0128971439838627,-0.263554116516674,-0.213056092991627,-0.406943192077497,-0.903561173339774,-0.779371251124813,-0.133056825182685,-1.91195884215899,-0.94525798156044,1.94455763794579,-1.07723321887756,2.26224081687701,0.22,0.2,0.51,0.46,0.37,0.35,0.29,0.28,0.27,0.26,16,16,12,12,13,12,15,14,16,16,1.73,1.39,1.78,1.11,0.6,0.78,0.6,0.53,-0.53,-0.24,1.0025,1.1185,0.116,0.156694782508622,0.169516090980555,0.0128213084719326,0.914285714285714,0.777777777777778,-0.136507936507936,30,13,67,41.55,52.43
154,0.541833895125174,0.035447478,1.7633017841665,0.989085043068046,0.74290657092587,0.741441092946212,-0.213056092991627,-1.21025962319152,-0.227003053400633,-1.47214569656909,-0.910927495481457,-0.913881469939389,1.48085927996137,0.727177398950774,0.975769050249341,0.470226828470905,0.14,0.15,0.34,0.43,0.27,0.3,0.21,0.24,0.22,0.24,22,22,17,16,16,16,20,18,20,19,1.79,1.57,1.71,1.68,0.5,0.57,0.58,0.59,-0.25,-0.15,0.9365,0.891,-0.0455000000000001,0.217257070254501,0.198386189604994,-0.0188708806495072,0.928571428571429,0.916666666666667,-0.011904761904762,40,10,67,53.36,46.61
155,-1.0352485911115,0.016418332,0.596990483397837,0.585906157812656,0.294148115198216,0.378526156195725,-0.213056092991627,-0.406943192077497,-0.903561173339774,-0.779371251124813,-0.910927495481457,2.0803506467194,2.09497021178407,-0.82438565074875,1.35131824582134,0.864469905920249,0.23,0.24,0.4,0.42,0.28,0.3,0.31,0.32,0.36,0.36,18,18,19,19,20,19,20,19,20,19,1.57,1.85,1.4,1.84,0.75,0.69,0.56,0.59,-0.48,-0.35,1.14,1.1615,0.0215000000000001,0.20886151291932,0.195478827465572,-0.0133826854537479,0.859649122807018,1,0.140350877192982,44,9,68,52.23,42.94
156,-0.0422707294069285,-0.057782602,0.102191749738403,0.249923753433165,0.813763169198658,0.294776555407151,1.44768883699439,0.396373239036523,0.449555066538508,-0.0865968056805348,-0.133056825182685,-1.41758406900349,0.328453580738509,1.15684101271372,0.0994875939146863,-1.04402499173226,0.18,0.16,0.24,0.23,0.26,0.26,0.25,0.28,0.21,0.21,20,22,20,21,18,19,18,18,21,21,1.76,1.48,1.76,1.42,0.73,0.83,0.57,0.55,-0.43,-0.5,1.119,1.174,0.0549999999999999,0.339326416996095,0.386455443853536,0.047129026857441,0.849056603773585,0.828571428571429,-0.0204851752021563,40,13,67,49.4,65.89
158,-0.801606741298662,-0.21164744,-1.13480508441018,-1.67637536500925,-1.61898003816705,-1.26854932597956,2.27806130198739,2.00300610126456,2.47922942635593,1.9917265306523,2.20055518571363,-0.438162348601077,0.84779430703302,0.011071376012532,-0.351171440771708,-0.945464222369921,0.29,0.21,0.59,0.51,0.47,0.39,0.37,0.3,0.38,0.33,16,19,10,13,11,15,13,17,15,18,1.7,1.85,1.71,1.42,0.72,0.49,0.59,0.57,-0.36,-0.28,1.1005,1.065,-0.0355000000000001,0.336631739906028,0.332225753022433,-0.00440598688359473,0.896551724137931,0.957446808510638,0.0608950843727073,38,13,66,50.91,50.39
159,-1.50253229073719,-0.064458117,-0.746034650820627,-0.735624632746675,-0.910414055439171,-0.654385586863352,0.617316372001379,1.19968967015054,0.449555066538508,1.29895208520802,0.644813845116088,0.401341983172416,1.05628875919505,-1.18243866221787,-1.55292886660209,0.792789346384005,0.19,0.17,0.38,0.33,0.33,0.28,0.3,0.25,0.26,0.23,19,20,14,16,16,17,17,19,19,20,1.56,1.5,1.12,0.98,0.51,0.42,0.62,0.54,-0.48,-0.35,0.943,0.8,-0.143,0.250241805464606,0.291219778305008,0.040977972840402,0.786885245901639,0.75,-0.0368852459016393,35,15,67,55.2,45.27
160,0.658654820031595,-0.0024693548,-0.569320817370829,-0.825219940581206,-0.461655599711517,-0.989383990017647,0.617316372001379,-0.406943192077497,0.449555066538508,-0.0865968056805348,0.644813845116088,-0.503457129961237,-0.308402200410965,-1.30178966604091,-1.1773796710301,-1.48306841889175,0.24,0.23,0.56,0.52,0.4,0.35,0.36,0.33,0.35,0.31,17,18,14,14,15,16,17,17,18,19,1.85,1.68,1.49,0.99,0.48,0.38,0.63,0.56,-0.34,-0.46,1.0025,0.968,-0.0345,0.334258278571688,0.342321744080899,0.00806346550921017,0.896551724137931,0.788461538461538,-0.108090185676393,35,15,66,49.1,55.14
161,1.12593851965728,0.075367883,0.685347400122736,0.473912023019493,0.624812240471225,0.825190693734786,-1.04342855798463,-0.406943192077497,-0.903561173339774,-0.779371251124813,-1.68879816578023,1.30614109630607,0.98805421121475,-0.490202840044237,0.55014662860108,-0.470580515442302,0.14,0.17,0.32,0.34,0.2,0.21,0.22,0.24,0.19,0.21,23,22,16,16,20,19,20,19,22,20,1.67,1.7,1.95,1.81,0.53,0.5,0.58,0.58,-0.32,-0.32,0.863,0.868,0.005,0.164784223388581,0.185169724666112,0.0203855012775309,0.9375,0.952380952380952,0.0148809523809523,37,12,67,48.24,46.8
162,-0.976838128658293,0.0077941585,0.985760916987392,0.630703811729922,0.577574508289366,-0.0681383813433352,-1.04342855798463,-0.406943192077497,-0.227003053400633,-0.779371251124813,-0.133056825182685,-0.438162348601077,0.84779430703302,0.011071376012532,-0.351171440771708,-0.945464222369921,0.14,0.14,0.39,0.44,0.21,0.23,0.21,0.22,0.22,0.21,22,21,14,14,18,18,19,18,20,20,1.93,1.62,2.11,1.26,0.45,0.53,0.61,0.54,-0.45,-0.38,0.859,0.96,0.101,0.211931889403059,0.27323853861422,0.0613066492111612,0.985507246376812,0.849056603773585,-0.136450642603227,45,15,67,62.5,58.52
163,0.658654820031595,0.0081241326,-0.51630666733589,-0.354844574449919,-0.130991474438508,0.0435277530414299,-0.213056092991627,-0.406943192077497,0.449555066538508,0.606177639763744,0.644813845116088,1.68858195855844,1.23445674558806,-1.09889295954174,1.42642808493573,0.658388297253547,0.2,0.2,0.47,0.43,0.35,0.32,0.35,0.33,0.34,0.33,19,19,13,13,15,16,15,16,17,18,1.66,1.73,1.08,1,0.57,0.49,0.52,0.55,-0.42,-0.31,0.987,1.077,0.09,0.282250787512244,0.351614659688078,0.0693638721758339,0.775,0.742857142857143,-0.0321428571428571,32,15,68,47,47.41
164,-0.743196278845452,0.026601057,0.0845203663934229,0.384316715184962,0.317766981289146,0.378526156195725,-0.213056092991627,1.19968967015054,0.449555066538508,0.606177639763744,0.644813845116088,-0.0184101827143304,-1.23335940636615,-1.12276316030635,-0.301098214695442,0.586707737717302,0.13,0.13,0.2,0.19,0.16,0.16,0.16,0.16,0.16,0.17,23,23,20,21,21,22,21,21,22,23,1.82,1.7,2.19,1.44,0.72,0.64,0.59,0.55,-0.43,-0.32,1.068,1.105,0.0369999999999999,0.180788467401423,0.209456876441785,0.0286684090403624,0.983606557377049,0.888888888888889,-0.0947176684881603,44,15,67,55.61,36.91
165,0.658654820031595,0.19456798,2.25810051782594,2.6689970649655,2.11280080419976,2.50018270950626,-1.87380102297764,-2.01357605430554,-1.58011929327891,-0.779371251124813,-0.910927495481457,0.0189011209200471,0.601391772659712,-1.39727046909934,0.500073402524814,-0.802103103297432,0.27,0.31,0.56,0.67,0.38,0.49,0.38,0.46,0.33,0.41,18,16,13,11,15,13,16,15,17,16,1.61,1.49,1.03,0.79,0.36,0.25,0.49,0.48,-0.52,-0.57,0.796,0.611,-0.185,0.28165425385084,0.29514959234505,0.0134953384942093,0.76056338028169,0.661290322580645,-0.099273057701045,29,13,67,55.37,50.79
168,-1.73617414055003,-0.089209877,-1.57658966803468,-1.69877419196788,-1.85516869907634,-2.30146106903864,0.617316372001379,0.396373239036523,1.12611318647765,1.29895208520802,1.42268451541486,1.29681327039748,-0.0240915838263786,-0.275371033162765,1.50153792405013,0.792789346384005,0.2,0.17,0.44,0.33,0.37,0.28,0.38,0.29,0.36,0.27,21,22,14,15,15,17,16,18,17,19,1.54,1.57,1.96,1.55,0.52,0.51,0.57,0.61,-0.27,-0.14,0.813,0.821,0.00800000000000001,0.1889020450093,0.197698358781827,0.00879631377252729,0.914285714285714,0.888888888888889,-0.0253968253968254,44,9,65,51.89,51.93
169,-0.626375353939031,0.047891557,-0.339592833886092,-0.063659823987693,0.0815783203798539,0.546025357772873,-0.213056092991627,1.19968967015054,1.12611318647765,1.29895208520802,-0.133056825182685,0.774455019516191,-0.660947364975853,-0.740839948072622,0.274743885181617,0.291025429630295,0.22,0.23,0.56,0.53,0.39,0.38,0.38,0.37,0.31,0.32,20,20,9,11,12,14,14,16,19,19,1.59,1.56,1.72,1.14,0.63,0.57,0.57,0.55,-0.58,-0.5,0.981,1.0265,0.0455,0.191604078822079,0.217475537004515,0.0258714581824365,0.895522388059702,0.810344827586207,-0.0851775604734947,33,14,65,50.82,51.3
170,0.191371120405913,-0.011067537,-0.339592833886092,0.0483343108054706,0.246910383016358,0.183110421022386,0.617316372001379,-0.406943192077497,-0.903561173339774,-0.779371251124813,-0.910927495481457,-0.0277380086229248,-0.171933104450364,0.213968082511701,0.0243777548002873,-0.264498906775599,0.18,0.17,0.48,0.44,0.29,0.28,0.28,0.29,0.25,0.25,20,21,10,10,14,13,14,13,17,16,1.62,1.5,1.22,0.76,0.39,0.42,0.66,0.64,-0.3,-0.29,0.8215,0.892,0.0705,0.267057840242743,0.250331240876424,-0.0167265993663193,0.838235294117647,0.714285714285714,-0.123949579831933,46,12,65,46.89,61.42
172,1.65163268173617,-0.098035917,0.650004633432776,-0.914815248415737,-2.25668942262213,-2.02229573307672,0.617316372001379,0.396373239036523,1.12611318647765,1.9917265306523,2.20055518571363,-0.344884089515133,-0.645784132091341,-0.800515449984142,-0.726720636343702,0.425426478760753,0.25,0.22,0.63,0.66,0.42,0.37,0.45,0.34,0.45,0.37,18,19,13,14,15,17,15,18,14,18,1.64,1.49,1.12,0.54,0.42,0.36,0.57,0.51,-0.74,-0.65,0.894,0.802,-0.092,0.229344588263232,0.24209238793028,0.0127477996670481,0.8,0.6,-0.2,45,13,64,39.11,60.31
173,-0.39273350412619,-0.00080370129,0.490962183327958,-0.0860586509463258,-0.107372608347579,-0.0123053141509527,-0.213056092991627,-0.406943192077497,-0.227003053400633,0.606177639763744,0.644813845116088,-1.10976581401987,-0.115070981133446,2.5890530585902,-0.0757686973522446,0.783829276441974,0.17,0.17,0.44,0.46,0.3,0.29,0.28,0.27,0.25,0.24,22,22,12,12,14,14,15,16,17,18,1.64,1.4,0.97,0.54,0.45,0.7,0.61,0.58,-0.52,-0.39,0.917,0.977,0.0599999999999999,0.272887819383873,0.346236210023321,0.0733483906394482,0.75,0.6,-0.15,38,11,65,48.41,53.13
174,0.483423432671964,0.056143362,-0.357264217231072,-0.220451612698122,0.506717910016579,0.462275756984299,-1.04342855798463,1.19968967015054,1.12611318647765,-0.0865968056805348,-0.133056825182685,-0.606063214955775,-0.551013926563146,0.106552179070964,0.525110015562947,-1.0261048518482,0.23,0.25,0.67,0.63,0.48,0.46,0.37,0.38,0.35,0.36,19,18,10,12,12,14,16,16,18,18,1.6,1.42,1.74,1.19,0.67,0.69,0.54,0.53,-0.45,-0.52,1.0285,1.023,-0.00550000000000006,0.168775949882065,0.22415553588192,0.0553795859998552,0.903225806451613,0.779661016949153,-0.12356478950246,47,18,65,49.22,56.97
176,0.0745501954994921,-0.18316947,-2.42481606859371,-1.34039296062976,-0.485274465802446,-0.849801322036691,1.44768883699439,2.00300610126456,1.80267130641679,0.606177639763744,-0.133056825182685,-0.438162348601077,0.84779430703302,0.011071376012532,-0.351171440771708,-0.945464222369921,0.23,0.17,0.61,0.42,0.29,0.22,0.29,0.26,0.28,0.24,18,20,10,13,12,15,15,16,16,16,1.98,1.52,1.62,1.54,0.45,0.74,0.65,0.55,-0.41,-0.31,1.0175,1.0835,0.0659999999999998,0.253454545420025,0.293137103176765,0.0396825577567401,0.948275862068966,0.854166666666667,-0.0941091954022989,52,13,66,60.89,53.05
177,1.00911759475086,0.027961584,0.455619416637998,0.630703811729922,0.270529249107287,0.26686002181096,-0.213056092991627,0.396373239036523,0.449555066538508,-0.0865968056805348,-0.133056825182685,-2.01456492715352,1.21550270448242,2.26680534826799,-0.0507320843141117,-0.44370030561621,0.27,0.27,0.62,0.63,0.43,0.44,0.39,0.39,0.38,0.39,18,18,12,13,14,15,17,17,17,17,1.81,1.46,1.51,1.42,0.64,0.83,0.58,0.55,-0.49,-0.5,1.1435,1.168,0.0245,0.269230045890244,0.233942756952754,-0.0352872889374898,0.907407407407407,0.863636363636364,-0.0437710437710438,23,13,65,50.7,37.83
178,-1.44412182828397,-0.088389263,-0.46329251730095,-0.892416421457104,-0.343561269256871,-0.347303717305248,0.617316372001379,-0.406943192077497,-0.227003053400633,-0.779371251124813,-0.910927495481457,-1.24968320264879,-0.577549584111041,0.285578684805525,0.900659211134942,1.41999424232614,0.2,0.18,0.34,0.3,0.3,0.25,0.26,0.23,0.22,0.21,21,22,17,17,17,17,19,18,21,20,1.79,1.52,2.33,1.75,0.43,0.46,0.58,0.59,-0.4,-0.2,0.778,0.743,-0.035,0.148793425165418,0.223465811254377,0.0746723860889588,0.972222222222222,0.919354838709677,-0.0528673835125448,54,14,65,55.15,73.14
180,-2.49551015244176,-0.054087762,-0.445621133955971,-0.265249266615388,-0.319942403165942,-0.570635986074778,-0.213056092991627,0.396373239036523,-0.227003053400633,0.606177639763744,0.644813845116088,2.0803506467194,-0.535850693678635,-1.88660958477381,0.525110015562947,-0.372019746079966,0.18,0.17,0.4,0.36,0.26,0.24,0.32,0.3,0.32,0.3,21,21,16,17,19,19,18,19,19,20,1.8,1.85,2.14,1.6,0.59,0.45,0.63,0.62,-0.23,-0.23,0.9445,0.947,0.00250000000000006,0.176692428961216,0.215485644814178,0.0387932158529613,0.954545454545455,0.949152542372881,-0.00539291217257321,40,9,65,55.6,49.08
181,0.308192045312333,-0.16525924,-0.781377417510586,-0.780422286663941,-1.12298385025753,-1.93854613228815,1.44768883699439,1.19968967015054,0.449555066538508,1.29895208520802,1.42268451541486,-0.438162348601077,0.84779430703302,0.011071376012532,-0.351171440771708,-0.945464222369921,0.29,0.23,0.35,0.29,0.27,0.22,0.35,0.3,0.37,0.29,18,20,17,19,19,20,17,19,18,20,1.88,1.54,1.54,0.82,0.65,0.63,0.61,0.49,-0.39,-0.28,1.1105,1.131,0.0205,0.300808462268793,0.301355769287524,0.000547307018730792,0.909090909090909,0.681818181818182,-0.227272727272727,37,16,66,42.61,40.42
183,-0.217502116766559,0.033901781,0.826718466882574,2.10902639099968,1.09718956228981,0.322693089003343,-0.213056092991627,-1.21025962319152,-0.227003053400633,-1.47214569656909,-0.910927495481457,0.0748680763716133,0.946355320782344,0.225903182894005,1.02584227632561,-0.569141284804638,0.25,0.27,0.61,0.65,0.5,0.49,0.29,0.33,0.33,0.34,18,18,11,10,10,10,15,13,16,15,1.65,1.54,1.42,1.26,0.44,0.47,0.6,0.62,-0.26,-0.29,0.8455,0.849,0.00350000000000006,0.229093637284899,0.232556944081309,0.00346330679640999,0.852941176470588,0.852459016393443,-0.000482160077145632,23,10,67,55.27,45.3
184,-0.684785816392241,0.048382122,0.155205899773342,0.317120234309064,0.223291516925429,0.0435277530414299,-1.04342855798463,-1.21025962319152,-1.58011929327891,-0.779371251124813,0.644813845116088,-1.60414058717537,-2.47674450289608,-0.633424044631886,-1.77825838394529,-0.631861774398852,0.17,0.18,0.47,0.46,0.44,0.45,0.32,0.32,0.25,0.25,22,21,12,11,10,10,14,13,17,18,1.85,1.55,1.57,0.5,0.53,0.49,0.6,0.5,-0.45,-0.47,0.998,1.03,0.032,0.22245506784863,0.288126430114698,0.0656713622660679,0.907692307692308,0.618181818181818,-0.28951048951049,38,23,67,59.13,44.56
185,0.600244357578385,0.022306975,0.703018783467715,-0.0412609970290603,-0.556131064075233,0.211026954618578,-1.04342855798463,-0.406943192077497,0.449555066538508,-0.0865968056805348,-0.133056825182685,-0.335556263606539,0.127540745018734,1.18071121347833,-0.476354505962372,0.353745919224508,0.17,0.18,0.41,0.43,0.28,0.26,0.33,0.3,0.27,0.27,21,20,12,12,16,17,16,16,18,18,1.63,1.48,1.47,1.1,0.41,0.52,0.58,0.54,-0.47,-0.38,0.7995,0.944,0.1445,0.242521182876849,0.221285107435289,-0.0212360754415595,0.882352941176471,0.796610169491525,-0.0857427716849452,43,14,67,55.19,47.36
186,1.18434898211049,0.08383543,0.915075383607473,1.95223460228925,2.25451400074534,1.69060323521672,1.44768883699439,2.00300610126456,0.449555066538508,-0.0865968056805348,0.644813845116088,-0.0650493122573021,0.0479337723750499,-0.490202840044237,-1.35263596229703,-0.578101354746668,0.28,0.3,0.37,0.41,0.34,0.42,0.3,0.39,0.27,0.32,16,16,11,14,13,14,13,13,15,16,1.88,1.75,2.25,1.85,0.52,0.48,0.69,0.61,-0.39,-0.4,0.922,0.882,-0.04,0.198783245492483,0.244415878681015,0.045632633188532,0.983870967741936,0.983333333333333,-0.000537634408602217,62,19,66,58.26,66.64
188,0.249781582859123,0.026364719,1.02110368367735,0.137929618640002,0.128816052561712,0.629774958561447,0.617316372001379,-0.406943192077497,-0.903561173339774,-0.0865968056805348,-0.133056825182685,0.70916023815603,-0.75192676228292,-1.19437376260018,1.12598872847814,-1.05298506167429,0.22,0.23,0.44,0.48,0.32,0.31,0.28,0.28,0.3,0.31,18,19,15,15,17,16,17,17,18,18,1.54,1.51,1.69,1.08,0.68,0.59,0.6,0.61,-0.31,-0.38,1.0125,0.9785,-0.034,0.205504380366089,0.255741052070812,0.0502366717047225,0.909090909090909,0.803571428571429,-0.10551948051948,45,16,65,54.68,52.62
190,0.892296669844436,0.085264474,0.367262499913099,0.69790029260582,0.624812240471225,0.825190693734786,-0.213056092991627,1.19968967015054,0.449555066538508,0.606177639763744,0.644813845116088,0.0468845986458302,0.730279252178058,0.512345592069301,1.75190405443146,0.362705989166539,0.22,0.25,0.71,0.67,0.46,0.48,0.32,0.34,0.27,0.29,20,20,8,10,12,13,16,17,19,20,1.54,1.43,1.43,1.22,0.43,0.49,0.52,0.56,-0.41,-0.32,0.777,0.817,0.0399999999999999,0.239485245803146,0.220254030982979,-0.0192312148201672,0.842105263157895,0.782608695652174,-0.0594965675057207,42,14,65,42.38,57.3
191,-1.50253229073719,-0.014168325,0.650004633432776,0.429114369102227,0.341385847380075,0.629774958561447,-0.213056092991627,-2.01357605430554,-1.58011929327891,-0.779371251124813,-0.910927495481457,0.569242849527115,2.09497021178407,0.416864789010869,0.500073402524814,1.13327200418117,0.15,0.15,0.41,0.43,0.24,0.24,0.23,0.23,0.22,0.24,21,21,16,14,19,17,19,18,20,19,1.59,1.53,0.99,1.36,0.52,0.56,0.53,0.52,-0.48,-0.31,0.948,0.924,-0.0239999999999999,0.251397649997199,0.247616642113124,-0.00378100788407537,0.774193548387097,0.867924528301887,0.0937309799147901,43,11,67,49.49,43.69
192,-1.67776367809682,-0.12671338,-0.427949750610991,-1.1612023449607,-1.45364797553054,-1.1568831915948,2.27806130198739,0.396373239036523,1.12611318647765,0.606177639763744,1.42268451541486,0.205457639091934,-0.130234214017958,-0.358916735838893,1.02584227632561,-2.31635492350059,0.24,0.2,0.41,0.38,0.33,0.26,0.38,0.31,0.39,0.35,19,22,19,20,20,22,20,21,19,21,1.62,1.53,1.03,0.59,0.5,0.48,0.54,0.56,-0.3,-0.54,0.977,0.915,-0.0619999999999999,0.240695180258141,0.27348285485047,0.0327876745923293,0.771929824561404,0.625,-0.146929824561403,34,11,67,53.81,45.38
193,0.0745501954994921,-0.022806829,-1.06411955103026,0.496310849978125,0.695668838744012,0.0714442866376211,0.617316372001379,1.19968967015054,-0.903561173339774,-0.0865968056805348,-0.910927495481457,-0.61539104086437,-0.33493785795886,0.142357480217876,-0.251024988619176,-0.93650415242789,0.18,0.17,0.57,0.49,0.36,0.37,0.34,0.36,0.31,0.31,20,21,9,11,12,11,13,13,16,15,1.74,1.55,1.55,1.05,0.43,0.45,0.59,0.55,-0.36,-0.42,0.858,0.863,0.005,0.237022971517351,0.286999820794679,0.0499768492773274,0.914285714285714,0.796610169491525,-0.117675544794189,48,13,67,55.98,54.51
194,-0.39273350412619,-0.017109673,-0.0391793170214356,-0.713225805788042,-0.839557457166383,-0.1798045157281,-1.04342855798463,-0.406943192077497,-0.227003053400633,-0.0865968056805348,-0.133056825182685,1.02630631904824,0.499039950689261,0.309448885570133,0.450000176448548,1.32143347296381,0.22,0.21,0.47,0.45,0.38,0.33,0.4,0.36,0.32,0.31,19,18,15,15,16,16,17,17,19,19,1.55,1.55,1.41,1.14,0.46,0.5,0.58,0.57,-0.69,-0.51,0.836,0.926,0.0900000000000001,0.190078792405183,0.24398169561795,0.0539029032127678,0.838235294117647,0.816666666666667,-0.0215686274509804,40,12,67,51.91,46.89
195,-1.09365905356471,-0.042906072,-0.233564533816213,-0.153255131822224,-0.249085804893154,-0.989383990017647,1.44768883699439,0.396373239036523,0.449555066538508,0.606177639763744,-0.133056825182685,-0.811275384944851,0.404269745161065,0.560085993598518,0.950732437211208,-0.587061424688699,0.2,0.18,0.45,0.42,0.27,0.25,0.3,0.28,0.29,0.24,20,22,13,14,17,18,18,19,20,20,1.71,1.5,1.73,1.43,0.68,0.74,0.48,0.49,-0.33,-0.36,1.106,1.136,0.0299999999999998,0.243267066505638,0.18483406403917,-0.0584330024664683,0.938775510204082,0.86046511627907,-0.0783103939250119,47,7,65,42.64,50.53
196,1.35958036947012,0.024917491,-0.127536233746335,-0.175653958780857,0.223291516925429,0.0435277530414299,-1.04342855798463,0.396373239036523,0.449555066538508,-0.0865968056805348,0.644813845116088,-0.382195393149511,-0.899768282906906,-0.156020029339724,-1.30256273622076,1.50959494174645,0.12,0.13,0.27,0.25,0.21,0.18,0.18,0.19,0.18,0.17,23,22,16,17,18,19,20,20,21,22,1.56,1.4,1.57,0.94,0.71,0.71,0.59,0.51,-0.47,-0.25,1.0105,1.103,0.0925,0.26442163789222,0.220721240215691,-0.0437003976765288,0.851851851851852,0.745098039215686,-0.106753812636166,33,11,65,44.46,44.36
197,0.775475744938015,0.066303544,0.0138348330135038,1.01148387002668,1.19166502665352,0.49019229058049,-1.04342855798463,-0.406943192077497,-0.903561173339774,-0.0865968056805348,-0.133056825182685,0.289408072269284,0.457341060256855,2.5890530585902,0.500073402524814,0.0491035411954698,0.17,0.19,0.43,0.41,0.23,0.27,0.25,0.29,0.25,0.26,22,21,15,15,20,19,19,19,21,21,1.63,1.55,1.38,1.09,0.47,0.69,0.57,0.56,-0.44,-0.39,0.851,1.105,0.254,0.281921496699751,0.338619631560323,0.0566981348605717,0.838709677419355,0.780487804878049,-0.0582218725413061,35,18,66,35.35,48.84
199,0.366602507765543,-0.045196813,-0.763706034165607,-0.578832844036246,-0.579749930166163,-0.793968254844308,0.617316372001379,1.19968967015054,1.80267130641679,1.29895208520802,1.42268451541486,-0.522112781778426,-0.812579693820966,-0.907931353424879,-0.100805310390378,0.945110535398524,0.14,0.13,0.4,0.34,0.21,0.17,0.23,0.2,0.22,0.19,22,23,12,14,17,20,18,20,20,22,1.89,1.72,1.73,1.09,0.49,0.42,0.61,0.58,-0.44,-0.29,0.905,0.988,0.083,0.292877569028855,0.329550466698213,0.0366728976693584,0.944444444444444,0.8,-0.144444444444444,39,14,65,53.04,38.47
200,-0.33432304167298,-0.046347041,0.0491775997034634,-0.198052785739489,-0.3671801353478,0.0993608202338124,0.617316372001379,0.396373239036523,-0.903561173339774,-0.0865968056805348,-0.910927495481457,0.065540250463019,-1.28263991324082,0.261708484040917,0.0994875939146863,0.165584450441867,0.25,0.24,0.57,0.56,0.34,0.32,0.32,0.3,0.3,0.3,19,20,11,12,16,15,17,17,18,17,1.7,1.59,1.68,0.93,0.41,0.44,0.6,0.58,-0.32,-0.26,0.808,0.9275,0.1195,0.244199034088304,0.244102326609189,NA,0.925373134328358,0.775862068965517,-0.149511065362841,49,21,66,48.95,53.27
201,0.950707132297646,0.0082130106,0.667676016777756,-0.422041055325817,-0.201848072711296,-0.0123053141509527,-0.213056092991627,-1.21025962319152,0.449555066538508,-0.0865968056805348,0.644813845116088,0.998322841322455,0.851585115254148,-0.215695531251245,0.875622598096809,-1.41138785935551,0.14,0.14,0.39,0.41,0.29,0.26,0.24,0.23,0.23,0.22,23,23,14,13,15,16,19,19,20,21,1.67,1.67,0.75,0.57,0.29,0.28,0.48,0.49,-0.28,-0.4,0.928,0.985,0.0569999999999999,0.303646869037762,0.352668713837019,0.0490218447992564,0.716417910447761,0.673076923076923,-0.043340987370838,43,14,65,30.94,35.52
203,-0.33432304167298,-0.065230146,-0.657677734095728,-0.399642228367184,-0.249085804893154,-0.514802918882396,0.617316372001379,1.19968967015054,1.12611318647765,0.606177639763744,0.644813845116088,0.0841959022802077,-0.285657351084198,-0.179890230104332,-0.301098214695442,0.21038480015202,0.16,0.14,0.35,0.3,0.2,0.17,0.2,0.18,0.21,0.19,22,23,14,16,19,21,20,21,20,21,1.54,1.43,1.16,0.68,0.28,0.27,0.51,0.47,-0.63,-0.57,0.648,0.661,0.013,0.239708809390128,0.241545324606457,0.00183651521632858,0.782608695652174,0.645161290322581,-0.137447405329593,46,21,66,60.96,44.23
204,0.191371120405913,-0.0039204853,0.0845203663934229,-0.578832844036246,-0.603368796257092,-0.431053318093822,-0.213056092991627,-0.406943192077497,0.449555066538508,-0.0865968056805348,0.644813845116088,-0.913881469939389,-0.482779378582845,1.08523041041989,-1.57796547964022,0.308945569514356,0.2,0.2,0.61,0.6,0.35,0.31,0.32,0.29,0.3,0.28,21,21,13,13,14,15,16,16,18,19,1.66,1.44,2.1,1.55,0.55,0.66,0.6,0.51,-0.43,-0.35,0.885,0.9735,0.0885,0.178858661283463,0.180181804831142,0.00132314354767915,0.956521739130435,0.857142857142857,-0.0993788819875777,36,9,67,56.01,47.13
206,-0.0422707294069285,0.18904054,2.32878605120586,2.6689970649655,2.44346492947277,2.58393231029484,-1.87380102297764,-2.01357605430554,-2.25667741321805,-2.16492014201337,-2.466668836079,-1.14707711765425,0.245055799873697,1.61037482724127,-1.70314854483089,1.75151683018127,0.25,0.31,0.69,0.67,0.5,0.49,0.44,0.46,0.38,0.47,19,17,12,10,13,10,14,12,16,14,1.79,1.54,1.61,1.26,0.52,0.67,0.6,0.5,-0.44,-0.21,0.945,1.106,0.161,0.226647789774308,0.21401668342385,-0.0126311063504581,0.924528301886793,0.849056603773585,-0.0754716981132075,42,17,66,42.63,52.39
208,0.483423432671964,-1.5825e-05,-0.162879000436294,0.182727272557267,0.435861311743791,0.127277353830004,-1.04342855798463,-1.21025962319152,-0.903561173339774,-0.779371251124813,-1.68879816578023,0.401341983172416,0.654463087755501,-0.167955129722028,-0.276061601657309,1.95759843884798,0.19,0.18,0.47,0.45,0.25,0.25,0.27,0.29,0.28,0.28,19,18,12,11,18,17,19,18,19,17,1.82,1.75,1.44,1.21,0.45,0.45,0.62,0.58,-0.57,-0.3,0.919,0.984,0.065,0.256085623039802,0.277378970971873,0.0212933479320706,0.9,0.877551020408163,-0.0224489795918368,53,11,66,53.36,56.15
210,-0.0422707294069285,-0.056027573,0.543976333362897,0.0259354838468379,0.152434918652641,0.211026954618578,-0.213056092991627,-1.21025962319152,-0.903561173339774,-1.47214569656909,-0.910927495481457,-0.643374518590153,0.0403521559327942,1.72972583106431,-2.00358790128848,0.246225079920142,0.23,0.21,0.5,0.52,0.35,0.34,0.42,0.42,0.34,0.34,20,20,14,13,16,15,17,15,19,18,1.79,1.6,2.29,1.9,0.39,0.54,0.64,0.53,-0.46,-0.39,0.697,0.896,0.199,0.196309214880714,0.190771283252122,-0.00553793162859281,0.985915492957747,0.950819672131148,-0.035095820826599,41,13,65,58.16,63.51
211,1.18434898211049,6.1894e-05,-0.586992200715809,-0.063659823987693,-0.0837537422566502,0.0156112194452386,0.617316372001379,1.19968967015054,0.449555066538508,0.606177639763744,-0.910927495481457,-0.550096259504209,0.339826005401892,0.321383985952437,0.149560819990952,1.2318327735435,0.12,0.12,0.37,0.32,0.2,0.18,0.16,0.15,0.18,0.17,23,24,14,16,17,18,19,20,21,20,1.52,1.34,1.66,1.35,0.48,0.51,0.55,0.53,-0.54,-0.36,0.805,0.772,-0.033,0.200968850018159,0.197372288375494,-0.00359656164266481,0.888888888888889,0.819672131147541,-0.0692167577413478,39,13,65,58.7,53.3
212,0.191371120405913,-0.031442765,-0.834391567545526,-0.758023459705308,-0.0128971439838627,-0.989383990017647,0.617316372001379,1.19968967015054,1.80267130641679,1.29895208520802,1.42268451541486,-0.522112781778426,1.24203836203031,1.08523041041989,0.675329693791745,2.19056025734077,0.15,0.14,0.43,0.37,0.3,0.26,0.25,0.25,0.27,0.23,22,23,14,16,15,18,16,18,18,20,1.74,1.57,1.52,1.43,0.37,0.47,0.59,0.59,-0.59,-0.3,0.809,0.812,0.003,0.233853879638831,0.255626189477657,0.0217723098388265,0.901408450704225,0.894736842105263,-0.00667160859896221,38,14,67,54.91,42.97
213,0.132960657952702,0.010286056,-1.06411955103026,-0.735624632746675,-0.414417867529658,-1.01730052361384,-0.213056092991627,-0.406943192077497,1.12611318647765,0.606177639763744,-0.133056825182685,0.914372408145106,-0.786044036273071,-0.215695531251245,0.149560819990952,0.801749416326036,0.17,0.17,0.49,0.41,0.3,0.26,0.27,0.24,0.27,0.23,21,21,13,13,14,16,16,17,18,18,1.55,1.54,1.86,1.24,0.43,0.42,0.63,0.61,-0.35,-0.22,0.7375,0.805,0.0675,0.20999259032575,0.218432772468029,0.00844018214227843,0.9,0.841269841269841,-0.0587301587301587,49,11,66,45.73,57.89
214,0.483423432671964,-0.041472584,-0.922748484270425,-0.713225805788042,-0.815938591075454,-1.10105012440241,1.44768883699439,1.19968967015054,1.80267130641679,1.9917265306523,1.42268451541486,-0.988504077208144,1.29890048534723,0.822658202009206,0.775476145944277,-1.35762743970333,0.15,0.14,0.3,0.24,0.22,0.17,0.23,0.19,0.26,0.21,19,21,17,19,17,20,18,21,19,21,1.65,1.42,1.44,1.37,0.53,0.61,0.57,0.58,-0.14,-0.24,0.944,0.924,-0.0199999999999999,0.204678612618116,0.175460696622362,-0.0292179159957544,0.866666666666667,0.851063829787234,-0.0156028368794326,29,12,66,49.32,50.69
216,-0.217502116766559,-0.014639927,0.0845203663934229,0.406715542143594,-0.107372608347579,0.26686002181096,0.617316372001379,0.396373239036523,-0.227003053400633,-0.0865968056805348,-0.133056825182685,-0.130344093617463,0.730279252178058,0.202032982129397,1.90212373266026,-1.56370904837003,0.18,0.17,0.41,0.4,0.24,0.24,0.32,0.31,0.27,0.27,22,23,13,14,19,19,17,17,19,19,1.43,1.3,1.55,1.34,0.5,0.52,0.56,0.65,-0.22,-0.35,0.805,0.761,-0.044,0.163696931096436,0.191421844575391,0.0277249134789554,0.847222222222222,0.80952380952381,-0.0376984126984127,35,21,66,34.03,57.56
217,0.541833895125174,0.016305408,0.844389850227554,0.966686216109413,0.695668838744012,0.908940294523359,0.617316372001379,-0.406943192077497,-0.227003053400633,-0.0865968056805348,-0.133056825182685,-0.876570166305012,-1.00212010487736,1.58650462647666,-1.07723321887756,-0.784182963413371,0.21,0.22,0.48,0.51,0.38,0.41,0.34,0.36,0.31,0.34,21,22,13,13,16,16,17,17,19,19,1.58,1.37,1.51,0.83,0.55,0.7,0.63,0.56,-0.38,-0.42,0.914,1.0235,0.1095,0.211197945338928,0.217572029126495,0.00637408378756704,0.861538461538462,0.692307692307692,-0.169230769230769,28,19,66,46.74,56.49
219,1.2427594445637,0.0057798787,-0.339592833886092,-0.0188621700704276,0.0107217221070664,0.0435277530414299,-0.213056092991627,0.396373239036523,-0.227003053400633,0.606177639763744,0.644813845116088,0.597226327252898,1.13210492361761,-0.919866453807183,0.725402919868011,-1.25906667034099,0.16,0.17,0.36,0.33,0.25,0.24,0.23,0.23,0.22,0.22,21,21,15,16,20,20,20,21,22,23,1.59,1.55,1.58,1.47,0.69,0.62,0.6,0.61,-0.28,-0.37,1.0695,0.997,-0.0725000000000001,0.185116565053867,0.243201393826564,0.0580848287726972,0.878787878787879,0.88,0.00121212121212122,33,13,66,49.23,46.43
